ㅁㄴ,메뉴,아이디,배당,양,text,text2
1,청화원,수정달만두,혜화역4번 출구에서166m,영업 종료11:00에 영업 시작11시 0분에 영업 시작,포장,정통 대만식 우육면 홍콩식 딤섬 맛집
2,청화원,쇼마이,혜화역4번 출구에서166m,영업 종료11:00에 영업 시작11시 0분에 영업 시작,포장,정통 대만식 우육면 홍콩식 딤섬 맛집
3,청화원,우육도삭면,혜화역4번 출구에서166m,영업 종료11:00에 영업 시작11시 0분에 영업 시작,포장,정통 대만식 우육면 홍콩식 딤섬 맛집
4,청화원,꿔바로우,혜화역4번 출구에서166m,영업 종료11:00에 영업 시작11시 0분에 영업 시작,포장,정통 대만식 우육면 홍콩식 딤섬 맛집
5,청화원,소고기 볶음밥,혜화역4번 출구에서166m,영업 종료11:00에 영업 시작11시 0분에 영업 시작,포장,정통 대만식 우육면 홍콩식 딤섬 맛집
6,청화원,새우살볶음밥,혜화역4번 출구에서166m,영업 종료11:00에 영업 시작11시 0분에 영업 시작,포장,정통 대만식 우육면 홍콩식 딤섬 맛집
7,청화원,어향가지덮밥,혜화역4번 출구에서166m,영업 종료11:00에 영업 시작11시 0분에 영업 시작,포장,정통 대만식 우육면 홍콩식 딤섬 맛집
8,청화원,어항육슬덮밥,혜화역4번 출구에서166m,영업 종료11:00에 영업 시작11시 0분에 영업 시작,포장,정통 대만식 우육면 홍콩식 딤섬 맛집
9,청화원,가지튀김,혜화역4번 출구에서166m,영업 종료11:00에 영업 시작11시 0분에 영업 시작,포장,정통 대만식 우육면 홍콩식 딤섬 맛집
10,청화원,중국식 소고기 장조림,혜화역4번 출구에서166m,영업 종료11:00에 영업 시작11시 0분에 영업 시작,포장,정통 대만식 우육면 홍콩식 딤섬 맛집
11,청화원,칠리새우,혜화역4번 출구에서166m,영업 종료11:00에 영업 시작11시 0분에 영업 시작,포장,정통 대만식 우육면 홍콩식 딤섬 맛집
12,청화원,새우튀김,혜화역4번 출구에서166m,영업 종료11:00에 영업 시작11시 0분에 영업 시작,포장,정통 대만식 우육면 홍콩식 딤섬 맛집
13,청화원,유린기,혜화역4번 출구에서166m,영업 종료11:00에 영업 시작11시 0분에 영업 시작,포장,정통 대만식 우육면 홍콩식 딤섬 맛집
14,청화원,수주어편,혜화역4번 출구에서166m,영업 종료11:00에 영업 시작11시 0분에 영업 시작,포장,정통 대만식 우육면 홍콩식 딤섬 맛집
15,청화원,유발도삭면,혜화역4번 출구에서166m,영업 종료11:00에 영업 시작11시 0분에 영업 시작,포장,정통 대만식 우육면 홍콩식 딤섬 맛집
16,서유기마라탕 대학로점,마라탕 100g,혜화역4번 출구에서176m,영업 종료11:00에 영업 시작11시 0분에 영업 시작,단체 이용 가능 포장 배달 예약 무선 인터넷,
17,서유기마라탕 대학로점,훠궈 무한리필 1인,혜화역4번 출구에서176m,영업 종료11:00에 영업 시작11시 0분에 영업 시작,단체 이용 가능 포장 배달 예약 무선 인터넷,
18,서유기마라탕 대학로점,꿔바로우(소),혜화역4번 출구에서176m,영업 종료11:00에 영업 시작11시 0분에 영업 시작,단체 이용 가능 포장 배달 예약 무선 인터넷,
19,서유기마라탕 대학로점,카오위,혜화역4번 출구에서176m,영업 종료11:00에 영업 시작11시 0분에 영업 시작,단체 이용 가능 포장 배달 예약 무선 인터넷,
20,하이디라오 대학로점,하이디라오 특제소고기(180g),혜화역1번 출구에서130m,영업 중03:00에 라스트오더3시 0분에 라스트오더,단체 이용 가능 주차 포장 배달 예약 무선 인터넷 유아시설 (놀이방) 남/녀 화장실 구분,하이디라오 코리아는 서비스와 고객이 우선이다 라는 이념을 갖고 혁신을 핵심 삼아 보수적인 보편화 단일화된 서비스를 개혁해 개성적이고 특색이 있는 서비스로 고객님의 즐거운 식사시간을 위해 최선을 다하여 제공하고 있습니다. 직원 관리에서는 자신의 두 손이 운명을바꿀 수 있다는 가치관을 전파하여직원들을 위해 공평한 기회를 만들며 인간미가 넘치는 관리를 하여 직원의 가치를 높이고 있습니다
21,하이디라오 대학로점,하이디라오 특제면(1인분),혜화역1번 출구에서130m,영업 중03:00에 라스트오더3시 0분에 라스트오더,단체 이용 가능 주차 포장 배달 예약 무선 인터넷 유아시설 (놀이방) 남/녀 화장실 구분,하이디라오 코리아는 서비스와 고객이 우선이다 라는 이념을 갖고 혁신을 핵심 삼아 보수적인 보편화 단일화된 서비스를 개혁해 개성적이고 특색이 있는 서비스로 고객님의 즐거운 식사시간을 위해 최선을 다하여 제공하고 있습니다. 직원 관리에서는 자신의 두 손이 운명을바꿀 수 있다는 가치관을 전파하여직원들을 위해 공평한 기회를 만들며 인간미가 넘치는 관리를 하여 직원의 가치를 높이고 있습니다
22,하이디라오 대학로점,새우완자(100g),혜화역1번 출구에서130m,영업 중03:00에 라스트오더3시 0분에 라스트오더,단체 이용 가능 주차 포장 배달 예약 무선 인터넷 유아시설 (놀이방) 남/녀 화장실 구분,하이디라오 코리아는 서비스와 고객이 우선이다 라는 이념을 갖고 혁신을 핵심 삼아 보수적인 보편화 단일화된 서비스를 개혁해 개성적이고 특색이 있는 서비스로 고객님의 즐거운 식사시간을 위해 최선을 다하여 제공하고 있습니다. 직원 관리에서는 자신의 두 손이 운명을바꿀 수 있다는 가치관을 전파하여직원들을 위해 공평한 기회를 만들며 인간미가 넘치는 관리를 하여 직원의 가치를 높이고 있습니다
23,하이디라오 대학로점,날치알새우완자(100g),혜화역1번 출구에서130m,영업 중03:00에 라스트오더3시 0분에 라스트오더,단체 이용 가능 주차 포장 배달 예약 무선 인터넷 유아시설 (놀이방) 남/녀 화장실 구분,하이디라오 코리아는 서비스와 고객이 우선이다 라는 이념을 갖고 혁신을 핵심 삼아 보수적인 보편화 단일화된 서비스를 개혁해 개성적이고 특색이 있는 서비스로 고객님의 즐거운 식사시간을 위해 최선을 다하여 제공하고 있습니다. 직원 관리에서는 자신의 두 손이 운명을바꿀 수 있다는 가치관을 전파하여직원들을 위해 공평한 기회를 만들며 인간미가 넘치는 관리를 하여 직원의 가치를 높이고 있습니다
24,하이디라오 대학로점,하이디라오 천엽(100g),혜화역1번 출구에서130m,영업 중03:00에 라스트오더3시 0분에 라스트오더,단체 이용 가능 주차 포장 배달 예약 무선 인터넷 유아시설 (놀이방) 남/녀 화장실 구분,하이디라오 코리아는 서비스와 고객이 우선이다 라는 이념을 갖고 혁신을 핵심 삼아 보수적인 보편화 단일화된 서비스를 개혁해 개성적이고 특색이 있는 서비스로 고객님의 즐거운 식사시간을 위해 최선을 다하여 제공하고 있습니다. 직원 관리에서는 자신의 두 손이 운명을바꿀 수 있다는 가치관을 전파하여직원들을 위해 공평한 기회를 만들며 인간미가 넘치는 관리를 하여 직원의 가치를 높이고 있습니다
25,하이디라오 대학로점,팡가시우메기살(180g),혜화역1번 출구에서130m,영업 중03:00에 라스트오더3시 0분에 라스트오더,단체 이용 가능 주차 포장 배달 예약 무선 인터넷 유아시설 (놀이방) 남/녀 화장실 구분,하이디라오 코리아는 서비스와 고객이 우선이다 라는 이념을 갖고 혁신을 핵심 삼아 보수적인 보편화 단일화된 서비스를 개혁해 개성적이고 특색이 있는 서비스로 고객님의 즐거운 식사시간을 위해 최선을 다하여 제공하고 있습니다. 직원 관리에서는 자신의 두 손이 운명을바꿀 수 있다는 가치관을 전파하여직원들을 위해 공평한 기회를 만들며 인간미가 넘치는 관리를 하여 직원의 가치를 높이고 있습니다
26,하이디라오 대학로점,닭다리 고기(150g),혜화역1번 출구에서130m,영업 중03:00에 라스트오더3시 0분에 라스트오더,단체 이용 가능 주차 포장 배달 예약 무선 인터넷 유아시설 (놀이방) 남/녀 화장실 구분,하이디라오 코리아는 서비스와 고객이 우선이다 라는 이념을 갖고 혁신을 핵심 삼아 보수적인 보편화 단일화된 서비스를 개혁해 개성적이고 특색이 있는 서비스로 고객님의 즐거운 식사시간을 위해 최선을 다하여 제공하고 있습니다. 직원 관리에서는 자신의 두 손이 운명을바꿀 수 있다는 가치관을 전파하여직원들을 위해 공평한 기회를 만들며 인간미가 넘치는 관리를 하여 직원의 가치를 높이고 있습니다
27,하이디라오 대학로점,완자모듬(4개),혜화역1번 출구에서130m,영업 중03:00에 라스트오더3시 0분에 라스트오더,단체 이용 가능 주차 포장 배달 예약 무선 인터넷 유아시설 (놀이방) 남/녀 화장실 구분,하이디라오 코리아는 서비스와 고객이 우선이다 라는 이념을 갖고 혁신을 핵심 삼아 보수적인 보편화 단일화된 서비스를 개혁해 개성적이고 특색이 있는 서비스로 고객님의 즐거운 식사시간을 위해 최선을 다하여 제공하고 있습니다. 직원 관리에서는 자신의 두 손이 운명을바꿀 수 있다는 가치관을 전파하여직원들을 위해 공평한 기회를 만들며 인간미가 넘치는 관리를 하여 직원의 가치를 높이고 있습니다
28,하이디라오 대학로점,똠양꿍탕훠궈,혜화역1번 출구에서130m,영업 중03:00에 라스트오더3시 0분에 라스트오더,단체 이용 가능 주차 포장 배달 예약 무선 인터넷 유아시설 (놀이방) 남/녀 화장실 구분,하이디라오 코리아는 서비스와 고객이 우선이다 라는 이념을 갖고 혁신을 핵심 삼아 보수적인 보편화 단일화된 서비스를 개혁해 개성적이고 특색이 있는 서비스로 고객님의 즐거운 식사시간을 위해 최선을 다하여 제공하고 있습니다. 직원 관리에서는 자신의 두 손이 운명을바꿀 수 있다는 가치관을 전파하여직원들을 위해 공평한 기회를 만들며 인간미가 넘치는 관리를 하여 직원의 가치를 높이고 있습니다
29,하이디라오 대학로점,청유마라훠궈(오리지널),혜화역1번 출구에서130m,영업 중03:00에 라스트오더3시 0분에 라스트오더,단체 이용 가능 주차 포장 배달 예약 무선 인터넷 유아시설 (놀이방) 남/녀 화장실 구분,하이디라오 코리아는 서비스와 고객이 우선이다 라는 이념을 갖고 혁신을 핵심 삼아 보수적인 보편화 단일화된 서비스를 개혁해 개성적이고 특색이 있는 서비스로 고객님의 즐거운 식사시간을 위해 최선을 다하여 제공하고 있습니다. 직원 관리에서는 자신의 두 손이 운명을바꿀 수 있다는 가치관을 전파하여직원들을 위해 공평한 기회를 만들며 인간미가 넘치는 관리를 하여 직원의 가치를 높이고 있습니다
30,하이디라오 대학로점,토마토탕훠궈,혜화역1번 출구에서130m,영업 중03:00에 라스트오더3시 0분에 라스트오더,단체 이용 가능 주차 포장 배달 예약 무선 인터넷 유아시설 (놀이방) 남/녀 화장실 구분,하이디라오 코리아는 서비스와 고객이 우선이다 라는 이념을 갖고 혁신을 핵심 삼아 보수적인 보편화 단일화된 서비스를 개혁해 개성적이고 특색이 있는 서비스로 고객님의 즐거운 식사시간을 위해 최선을 다하여 제공하고 있습니다. 직원 관리에서는 자신의 두 손이 운명을바꿀 수 있다는 가치관을 전파하여직원들을 위해 공평한 기회를 만들며 인간미가 넘치는 관리를 하여 직원의 가치를 높이고 있습니다
31,하이디라오 대학로점,소기름훠궈,혜화역1번 출구에서130m,영업 중03:00에 라스트오더3시 0분에 라스트오더,단체 이용 가능 주차 포장 배달 예약 무선 인터넷 유아시설 (놀이방) 남/녀 화장실 구분,하이디라오 코리아는 서비스와 고객이 우선이다 라는 이념을 갖고 혁신을 핵심 삼아 보수적인 보편화 단일화된 서비스를 개혁해 개성적이고 특색이 있는 서비스로 고객님의 즐거운 식사시간을 위해 최선을 다하여 제공하고 있습니다. 직원 관리에서는 자신의 두 손이 운명을바꿀 수 있다는 가치관을 전파하여직원들을 위해 공평한 기회를 만들며 인간미가 넘치는 관리를 하여 직원의 가치를 높이고 있습니다
32,하이디라오 대학로점,삼선탕훠궈,혜화역1번 출구에서130m,영업 중03:00에 라스트오더3시 0분에 라스트오더,단체 이용 가능 주차 포장 배달 예약 무선 인터넷 유아시설 (놀이방) 남/녀 화장실 구분,하이디라오 코리아는 서비스와 고객이 우선이다 라는 이념을 갖고 혁신을 핵심 삼아 보수적인 보편화 단일화된 서비스를 개혁해 개성적이고 특색이 있는 서비스로 고객님의 즐거운 식사시간을 위해 최선을 다하여 제공하고 있습니다. 직원 관리에서는 자신의 두 손이 운명을바꿀 수 있다는 가치관을 전파하여직원들을 위해 공평한 기회를 만들며 인간미가 넘치는 관리를 하여 직원의 가치를 높이고 있습니다
33,하이디라오 대학로점,버섯탕훠궈,혜화역1번 출구에서130m,영업 중03:00에 라스트오더3시 0분에 라스트오더,단체 이용 가능 주차 포장 배달 예약 무선 인터넷 유아시설 (놀이방) 남/녀 화장실 구분,하이디라오 코리아는 서비스와 고객이 우선이다 라는 이념을 갖고 혁신을 핵심 삼아 보수적인 보편화 단일화된 서비스를 개혁해 개성적이고 특색이 있는 서비스로 고객님의 즐거운 식사시간을 위해 최선을 다하여 제공하고 있습니다. 직원 관리에서는 자신의 두 손이 운명을바꿀 수 있다는 가치관을 전파하여직원들을 위해 공평한 기회를 만들며 인간미가 넘치는 관리를 하여 직원의 가치를 높이고 있습니다
34,하이디라오 대학로점,후추탕훠궈,혜화역1번 출구에서130m,영업 중03:00에 라스트오더3시 0분에 라스트오더,단체 이용 가능 주차 포장 배달 예약 무선 인터넷 유아시설 (놀이방) 남/녀 화장실 구분,하이디라오 코리아는 서비스와 고객이 우선이다 라는 이념을 갖고 혁신을 핵심 삼아 보수적인 보편화 단일화된 서비스를 개혁해 개성적이고 특색이 있는 서비스로 고객님의 즐거운 식사시간을 위해 최선을 다하여 제공하고 있습니다. 직원 관리에서는 자신의 두 손이 운명을바꿀 수 있다는 가치관을 전파하여직원들을 위해 공평한 기회를 만들며 인간미가 넘치는 관리를 하여 직원의 가치를 높이고 있습니다
35,효제루,짜장면,종로5가역3번 출구에서161m,영업 종료내일 휴무내일 휴무,단체 이용 가능 예약,
36,라이,알짬뽕,종로5가역3번 출구에서402m,영업 종료내일 휴무내일 휴무,예약 남/녀 화장실 구분,종로5가 '광장시장'과 대학로 '마로니에공원' 을 잇는 효제동에 위치한 100년 가옥을 멋스럴게 리모델링한 저희 *라이*는 직장동료 또는 연인 가족들과 부담없는 가격으로 맛있는 요리를 즐길수있는 대표 음식점입니다!!
37,라이,마늘쫑삽겹살볶음,종로5가역3번 출구에서402m,영업 종료내일 휴무내일 휴무,예약 남/녀 화장실 구분,종로5가 '광장시장'과 대학로 '마로니에공원' 을 잇는 효제동에 위치한 100년 가옥을 멋스럴게 리모델링한 저희 *라이*는 직장동료 또는 연인 가족들과 부담없는 가격으로 맛있는 요리를 즐길수있는 대표 음식점입니다!!
38,라이,숙주유린기,종로5가역3번 출구에서402m,영업 종료내일 휴무내일 휴무,예약 남/녀 화장실 구분,종로5가 '광장시장'과 대학로 '마로니에공원' 을 잇는 효제동에 위치한 100년 가옥을 멋스럴게 리모델링한 저희 *라이*는 직장동료 또는 연인 가족들과 부담없는 가격으로 맛있는 요리를 즐길수있는 대표 음식점입니다!!
39,라이,홍소오징어,종로5가역3번 출구에서402m,영업 종료내일 휴무내일 휴무,예약 남/녀 화장실 구분,종로5가 '광장시장'과 대학로 '마로니에공원' 을 잇는 효제동에 위치한 100년 가옥을 멋스럴게 리모델링한 저희 *라이*는 직장동료 또는 연인 가족들과 부담없는 가격으로 맛있는 요리를 즐길수있는 대표 음식점입니다!!
40,라이,어향표고완자,종로5가역3번 출구에서402m,영업 종료내일 휴무내일 휴무,예약 남/녀 화장실 구분,종로5가 '광장시장'과 대학로 '마로니에공원' 을 잇는 효제동에 위치한 100년 가옥을 멋스럴게 리모델링한 저희 *라이*는 직장동료 또는 연인 가족들과 부담없는 가격으로 맛있는 요리를 즐길수있는 대표 음식점입니다!!
41,라이,짜장면,종로5가역3번 출구에서402m,영업 종료내일 휴무내일 휴무,예약 남/녀 화장실 구분,종로5가 '광장시장'과 대학로 '마로니에공원' 을 잇는 효제동에 위치한 100년 가옥을 멋스럴게 리모델링한 저희 *라이*는 직장동료 또는 연인 가족들과 부담없는 가격으로 맛있는 요리를 즐길수있는 대표 음식점입니다!!
42,라이,새우볶음밥,종로5가역3번 출구에서402m,영업 종료내일 휴무내일 휴무,예약 남/녀 화장실 구분,종로5가 '광장시장'과 대학로 '마로니에공원' 을 잇는 효제동에 위치한 100년 가옥을 멋스럴게 리모델링한 저희 *라이*는 직장동료 또는 연인 가족들과 부담없는 가격으로 맛있는 요리를 즐길수있는 대표 음식점입니다!!
43,라이,잡채밥,종로5가역3번 출구에서402m,영업 종료내일 휴무내일 휴무,예약 남/녀 화장실 구분,종로5가 '광장시장'과 대학로 '마로니에공원' 을 잇는 효제동에 위치한 100년 가옥을 멋스럴게 리모델링한 저희 *라이*는 직장동료 또는 연인 가족들과 부담없는 가격으로 맛있는 요리를 즐길수있는 대표 음식점입니다!!
44,라이,탄탄면,종로5가역3번 출구에서402m,영업 종료내일 휴무내일 휴무,예약 남/녀 화장실 구분,종로5가 '광장시장'과 대학로 '마로니에공원' 을 잇는 효제동에 위치한 100년 가옥을 멋스럴게 리모델링한 저희 *라이*는 직장동료 또는 연인 가족들과 부담없는 가격으로 맛있는 요리를 즐길수있는 대표 음식점입니다!!
45,라이,쇠고기짬뽕,종로5가역3번 출구에서402m,영업 종료내일 휴무내일 휴무,예약 남/녀 화장실 구분,종로5가 '광장시장'과 대학로 '마로니에공원' 을 잇는 효제동에 위치한 100년 가옥을 멋스럴게 리모델링한 저희 *라이*는 직장동료 또는 연인 가족들과 부담없는 가격으로 맛있는 요리를 즐길수있는 대표 음식점입니다!!
46,라이,가지만두 4P,종로5가역3번 출구에서402m,영업 종료내일 휴무내일 휴무,예약 남/녀 화장실 구분,종로5가 '광장시장'과 대학로 '마로니에공원' 을 잇는 효제동에 위치한 100년 가옥을 멋스럴게 리모델링한 저희 *라이*는 직장동료 또는 연인 가족들과 부담없는 가격으로 맛있는 요리를 즐길수있는 대표 음식점입니다!!
47,라이,청경채볶음,종로5가역3번 출구에서402m,영업 종료내일 휴무내일 휴무,예약 남/녀 화장실 구분,종로5가 '광장시장'과 대학로 '마로니에공원' 을 잇는 효제동에 위치한 100년 가옥을 멋스럴게 리모델링한 저희 *라이*는 직장동료 또는 연인 가족들과 부담없는 가격으로 맛있는 요리를 즐길수있는 대표 음식점입니다!!
48,라이,마늘쫑삽겹살볶음,종로5가역3번 출구에서402m,영업 종료내일 휴무내일 휴무,예약 남/녀 화장실 구분,종로5가 '광장시장'과 대학로 '마로니에공원' 을 잇는 효제동에 위치한 100년 가옥을 멋스럴게 리모델링한 저희 *라이*는 직장동료 또는 연인 가족들과 부담없는 가격으로 맛있는 요리를 즐길수있는 대표 음식점입니다!!
49,라이,쇠고기숙주볶음,종로5가역3번 출구에서402m,영업 종료내일 휴무내일 휴무,예약 남/녀 화장실 구분,종로5가 '광장시장'과 대학로 '마로니에공원' 을 잇는 효제동에 위치한 100년 가옥을 멋스럴게 리모델링한 저희 *라이*는 직장동료 또는 연인 가족들과 부담없는 가격으로 맛있는 요리를 즐길수있는 대표 음식점입니다!!
50,라이,마파두부,종로5가역3번 출구에서402m,영업 종료내일 휴무내일 휴무,예약 남/녀 화장실 구분,종로5가 '광장시장'과 대학로 '마로니에공원' 을 잇는 효제동에 위치한 100년 가옥을 멋스럴게 리모델링한 저희 *라이*는 직장동료 또는 연인 가족들과 부담없는 가격으로 맛있는 요리를 즐길수있는 대표 음식점입니다!!
51,하씨주가,하씨중화술국,혜화역1번 출구에서126m,영업 중01:00에 영업 종료1시 0분에 영업 종료,무선 인터넷 남/녀 화장실 구분,안녕하세요 혜화 중식포차 하씨주가(賀氏酒家)입니다. 하(賀)씨(氏) 사장이 술(酒) 파는 집(家)입니다. 한식과 중식을 사랑하는 하씨 사장이 이 집에서 술 마시는 모두가 축하할 일이 가득하길 바라는 마음으로 맛있는 술과 안주를 매일 만듭니다.
52,하씨주가,마라크림파스타(+지파이요우티아오),혜화역1번 출구에서126m,영업 중01:00에 영업 종료1시 0분에 영업 종료,무선 인터넷 남/녀 화장실 구분,안녕하세요 혜화 중식포차 하씨주가(賀氏酒家)입니다. 하(賀)씨(氏) 사장이 술(酒) 파는 집(家)입니다. 한식과 중식을 사랑하는 하씨 사장이 이 집에서 술 마시는 모두가 축하할 일이 가득하길 바라는 마음으로 맛있는 술과 안주를 매일 만듭니다.
53,하씨주가,크리스피새우볶음,혜화역1번 출구에서126m,영업 중01:00에 영업 종료1시 0분에 영업 종료,무선 인터넷 남/녀 화장실 구분,안녕하세요 혜화 중식포차 하씨주가(賀氏酒家)입니다. 하(賀)씨(氏) 사장이 술(酒) 파는 집(家)입니다. 한식과 중식을 사랑하는 하씨 사장이 이 집에서 술 마시는 모두가 축하할 일이 가득하길 바라는 마음으로 맛있는 술과 안주를 매일 만듭니다.
54,하씨주가,옌수찌,혜화역1번 출구에서126m,영업 중01:00에 영업 종료1시 0분에 영업 종료,무선 인터넷 남/녀 화장실 구분,안녕하세요 혜화 중식포차 하씨주가(賀氏酒家)입니다. 하(賀)씨(氏) 사장이 술(酒) 파는 집(家)입니다. 한식과 중식을 사랑하는 하씨 사장이 이 집에서 술 마시는 모두가 축하할 일이 가득하길 바라는 마음으로 맛있는 술과 안주를 매일 만듭니다.
55,하씨주가,차오미엔,혜화역1번 출구에서126m,영업 중01:00에 영업 종료1시 0분에 영업 종료,무선 인터넷 남/녀 화장실 구분,안녕하세요 혜화 중식포차 하씨주가(賀氏酒家)입니다. 하(賀)씨(氏) 사장이 술(酒) 파는 집(家)입니다. 한식과 중식을 사랑하는 하씨 사장이 이 집에서 술 마시는 모두가 축하할 일이 가득하길 바라는 마음으로 맛있는 술과 안주를 매일 만듭니다.
56,하씨주가,가지연근튀김,혜화역1번 출구에서126m,영업 중01:00에 영업 종료1시 0분에 영업 종료,무선 인터넷 남/녀 화장실 구분,안녕하세요 혜화 중식포차 하씨주가(賀氏酒家)입니다. 하(賀)씨(氏) 사장이 술(酒) 파는 집(家)입니다. 한식과 중식을 사랑하는 하씨 사장이 이 집에서 술 마시는 모두가 축하할 일이 가득하길 바라는 마음으로 맛있는 술과 안주를 매일 만듭니다.
57,하씨주가,사천마파두부파스타,혜화역1번 출구에서126m,영업 중01:00에 영업 종료1시 0분에 영업 종료,무선 인터넷 남/녀 화장실 구분,안녕하세요 혜화 중식포차 하씨주가(賀氏酒家)입니다. 하(賀)씨(氏) 사장이 술(酒) 파는 집(家)입니다. 한식과 중식을 사랑하는 하씨 사장이 이 집에서 술 마시는 모두가 축하할 일이 가득하길 바라는 마음으로 맛있는 술과 안주를 매일 만듭니다.
58,하씨주가,라즈찌,혜화역1번 출구에서126m,영업 중01:00에 영업 종료1시 0분에 영업 종료,무선 인터넷 남/녀 화장실 구분,안녕하세요 혜화 중식포차 하씨주가(賀氏酒家)입니다. 하(賀)씨(氏) 사장이 술(酒) 파는 집(家)입니다. 한식과 중식을 사랑하는 하씨 사장이 이 집에서 술 마시는 모두가 축하할 일이 가득하길 바라는 마음으로 맛있는 술과 안주를 매일 만듭니다.
59,하씨주가,그린빈우삼겹볶음,혜화역1번 출구에서126m,영업 중01:00에 영업 종료1시 0분에 영업 종료,무선 인터넷 남/녀 화장실 구분,안녕하세요 혜화 중식포차 하씨주가(賀氏酒家)입니다. 하(賀)씨(氏) 사장이 술(酒) 파는 집(家)입니다. 한식과 중식을 사랑하는 하씨 사장이 이 집에서 술 마시는 모두가 축하할 일이 가득하길 바라는 마음으로 맛있는 술과 안주를 매일 만듭니다.
60,하씨주가,쯔란꽈리목살,혜화역1번 출구에서126m,영업 중01:00에 영업 종료1시 0분에 영업 종료,무선 인터넷 남/녀 화장실 구분,안녕하세요 혜화 중식포차 하씨주가(賀氏酒家)입니다. 하(賀)씨(氏) 사장이 술(酒) 파는 집(家)입니다. 한식과 중식을 사랑하는 하씨 사장이 이 집에서 술 마시는 모두가 축하할 일이 가득하길 바라는 마음으로 맛있는 술과 안주를 매일 만듭니다.
61,하씨주가,오이푸주무침,혜화역1번 출구에서126m,영업 중01:00에 영업 종료1시 0분에 영업 종료,무선 인터넷 남/녀 화장실 구분,안녕하세요 혜화 중식포차 하씨주가(賀氏酒家)입니다. 하(賀)씨(氏) 사장이 술(酒) 파는 집(家)입니다. 한식과 중식을 사랑하는 하씨 사장이 이 집에서 술 마시는 모두가 축하할 일이 가득하길 바라는 마음으로 맛있는 술과 안주를 매일 만듭니다.
62,하씨주가,건두부냉채,혜화역1번 출구에서126m,영업 중01:00에 영업 종료1시 0분에 영업 종료,무선 인터넷 남/녀 화장실 구분,안녕하세요 혜화 중식포차 하씨주가(賀氏酒家)입니다. 하(賀)씨(氏) 사장이 술(酒) 파는 집(家)입니다. 한식과 중식을 사랑하는 하씨 사장이 이 집에서 술 마시는 모두가 축하할 일이 가득하길 바라는 마음으로 맛있는 술과 안주를 매일 만듭니다.
63,하씨주가,하씨중화볶음밥,혜화역1번 출구에서126m,영업 중01:00에 영업 종료1시 0분에 영업 종료,무선 인터넷 남/녀 화장실 구분,안녕하세요 혜화 중식포차 하씨주가(賀氏酒家)입니다. 하(賀)씨(氏) 사장이 술(酒) 파는 집(家)입니다. 한식과 중식을 사랑하는 하씨 사장이 이 집에서 술 마시는 모두가 축하할 일이 가득하길 바라는 마음으로 맛있는 술과 안주를 매일 만듭니다.
64,하씨주가,빼갈퍼플모히또,혜화역1번 출구에서126m,영업 중01:00에 영업 종료1시 0분에 영업 종료,무선 인터넷 남/녀 화장실 구분,안녕하세요 혜화 중식포차 하씨주가(賀氏酒家)입니다. 하(賀)씨(氏) 사장이 술(酒) 파는 집(家)입니다. 한식과 중식을 사랑하는 하씨 사장이 이 집에서 술 마시는 모두가 축하할 일이 가득하길 바라는 마음으로 맛있는 술과 안주를 매일 만듭니다.
65,하씨주가,하몽빼갈하이볼,혜화역1번 출구에서126m,영업 중01:00에 영업 종료1시 0분에 영업 종료,무선 인터넷 남/녀 화장실 구분,안녕하세요 혜화 중식포차 하씨주가(賀氏酒家)입니다. 하(賀)씨(氏) 사장이 술(酒) 파는 집(家)입니다. 한식과 중식을 사랑하는 하씨 사장이 이 집에서 술 마시는 모두가 축하할 일이 가득하길 바라는 마음으로 맛있는 술과 안주를 매일 만듭니다.
66,짬뽕타임24(종로3가점),짬뽕,35종로3가역1번 출구에서144m,영업 종료10:00에 영업 시작10시 0분에 영업 시작,,
67,짬뽕타임24(종로3가점),탕수육,35종로3가역1번 출구에서144m,영업 종료10:00에 영업 시작10시 0분에 영업 시작,,
68,짬뽕타임24(종로3가점),짜장면,35종로3가역1번 출구에서144m,영업 종료10:00에 영업 시작10시 0분에 영업 시작,,
69,짬뽕타임24(종로3가점),차돌짬뽕,35종로3가역1번 출구에서144m,영업 종료10:00에 영업 시작10시 0분에 영업 시작,,
70,짬뽕타임24(종로3가점),볶음밥,35종로3가역1번 출구에서144m,영업 종료10:00에 영업 시작10시 0분에 영업 시작,,
71,짬뽕타임24(종로3가점),짬짜면,35종로3가역1번 출구에서144m,영업 종료10:00에 영업 시작10시 0분에 영업 시작,,
72,계향각,동파육 ?坡肉,혜화역1번 출구에서329m,영업 종료11:30에 영업 시작11시 30분에 영업 시작,단체 이용 가능 포장 예약 무선 인터넷 남/녀 화장실 구분,예약해 주시면 편안하게 방문하실 수 있습니다 계향각은 국내 유일의 수원식단요리 전문점입니 다. 수원식단은 중국 청대 문인 원매(袁枚) ...
73,계향각,해삼쥬스 ??海蔘?子,혜화역1번 출구에서329m,영업 종료11:30에 영업 시작11시 30분에 영업 시작,단체 이용 가능 포장 예약 무선 인터넷 남/녀 화장실 구분,예약해 주시면 편안하게 방문하실 수 있습니다 계향각은 국내 유일의 수원식단요리 전문점입니 다. 수원식단은 중국 청대 문인 원매(袁枚) ...
74,계향각,찹쌀가루소갈비찜粉蒸牛排*예약주문필수*,혜화역1번 출구에서329m,영업 종료11:30에 영업 시작11시 30분에 영업 시작,단체 이용 가능 포장 예약 무선 인터넷 남/녀 화장실 구분,예약해 주시면 편안하게 방문하실 수 있습니다 계향각은 국내 유일의 수원식단요리 전문점입니 다. 수원식단은 중국 청대 문인 원매(袁枚) ...
75,계향각,맑은 생선찜 淸蒸?,혜화역1번 출구에서329m,영업 종료11:30에 영업 시작11시 30분에 영업 시작,단체 이용 가능 포장 예약 무선 인터넷 남/녀 화장실 구분,예약해 주시면 편안하게 방문하실 수 있습니다 계향각은 국내 유일의 수원식단요리 전문점입니 다. 수원식단은 중국 청대 문인 원매(袁枚) ...
76,계향각,팔보오리 蒸? *전화 예약주문 필수*,혜화역1번 출구에서329m,영업 종료11:30에 영업 시작11시 30분에 영업 시작,단체 이용 가능 포장 예약 무선 인터넷 남/녀 화장실 구분,예약해 주시면 편안하게 방문하실 수 있습니다 계향각은 국내 유일의 수원식단요리 전문점입니 다. 수원식단은 중국 청대 문인 원매(袁枚) ...
77,계향각,팔보육원 八?肉?*예약 주문 필수*,혜화역1번 출구에서329m,영업 종료11:30에 영업 시작11시 30분에 영업 시작,단체 이용 가능 포장 예약 무선 인터넷 남/녀 화장실 구분,예약해 주시면 편안하게 방문하실 수 있습니다 계향각은 국내 유일의 수원식단요리 전문점입니 다. 수원식단은 중국 청대 문인 원매(袁枚) ...
78,계향각,돼지고기황두장볶음 京?肉?,혜화역1번 출구에서329m,영업 종료11:30에 영업 시작11시 30분에 영업 시작,단체 이용 가능 포장 예약 무선 인터넷 남/녀 화장실 구분,예약해 주시면 편안하게 방문하실 수 있습니다 계향각은 국내 유일의 수원식단요리 전문점입니 다. 수원식단은 중국 청대 문인 원매(袁枚) ...
79,계향각,라즈지 辣子?,혜화역1번 출구에서329m,영업 종료11:30에 영업 시작11시 30분에 영업 시작,단체 이용 가능 포장 예약 무선 인터넷 남/녀 화장실 구분,예약해 주시면 편안하게 방문하실 수 있습니다 계향각은 국내 유일의 수원식단요리 전문점입니 다. 수원식단은 중국 청대 문인 원매(袁枚) ...
80,계향각,수원식단 코스,혜화역1번 출구에서329m,영업 종료11:30에 영업 시작11시 30분에 영업 시작,단체 이용 가능 포장 예약 무선 인터넷 남/녀 화장실 구분,예약해 주시면 편안하게 방문하실 수 있습니다 계향각은 국내 유일의 수원식단요리 전문점입니 다. 수원식단은 중국 청대 문인 원매(袁枚) ...
81,계향각,계향각 코스,혜화역1번 출구에서329m,영업 종료11:30에 영업 시작11시 30분에 영업 시작,단체 이용 가능 포장 예약 무선 인터넷 남/녀 화장실 구분,예약해 주시면 편안하게 방문하실 수 있습니다 계향각은 국내 유일의 수원식단요리 전문점입니 다. 수원식단은 중국 청대 문인 원매(袁枚) ...
82,계향각,해선볶음밥 海?炒?,혜화역1번 출구에서329m,영업 종료11:30에 영업 시작11시 30분에 영업 시작,단체 이용 가능 포장 예약 무선 인터넷 남/녀 화장실 구분,예약해 주시면 편안하게 방문하실 수 있습니다 계향각은 국내 유일의 수원식단요리 전문점입니 다. 수원식단은 중국 청대 문인 원매(袁枚) ...
83,계향각,솬차이탕면 酸菜?面,혜화역1번 출구에서329m,영업 종료11:30에 영업 시작11시 30분에 영업 시작,단체 이용 가능 포장 예약 무선 인터넷 남/녀 화장실 구분,예약해 주시면 편안하게 방문하실 수 있습니다 계향각은 국내 유일의 수원식단요리 전문점입니 다. 수원식단은 중국 청대 문인 원매(袁枚) ...
84,계향각,계절채소볶음 蒜茸炒蔬菜,혜화역1번 출구에서329m,영업 종료11:30에 영업 시작11시 30분에 영업 시작,단체 이용 가능 포장 예약 무선 인터넷 남/녀 화장실 구분,예약해 주시면 편안하게 방문하실 수 있습니다 계향각은 국내 유일의 수원식단요리 전문점입니 다. 수원식단은 중국 청대 문인 원매(袁枚) ...
85,계향각,다진홍고추생선찜 ?椒魚,혜화역1번 출구에서329m,영업 종료11:30에 영업 시작11시 30분에 영업 시작,단체 이용 가능 포장 예약 무선 인터넷 남/녀 화장실 구분,예약해 주시면 편안하게 방문하실 수 있습니다 계향각은 국내 유일의 수원식단요리 전문점입니 다. 수원식단은 중국 청대 문인 원매(袁枚) ...
86,계향각,XO장패주아스파라거스볶음 XO?炒?子,혜화역1번 출구에서329m,영업 종료11:30에 영업 시작11시 30분에 영업 시작,단체 이용 가능 포장 예약 무선 인터넷 남/녀 화장실 구분,예약해 주시면 편안하게 방문하실 수 있습니다 계향각은 국내 유일의 수원식단요리 전문점입니 다. 수원식단은 중국 청대 문인 원매(袁枚) ...
87,레이어드,플레인 홈메이드 스콘,안국역2번 출구에서66m,영업 종료10:00에 영업 시작10시 0분에 영업 시작,포장 무선 인터넷,Have a good time with Layered! 유럽의 한 가정집의 따스함 찰나에 스치는 런던과 파리의 빈티지한 무드를 공간 전체에 녹여낸 카페 레이어드에서 유럽의 로망을 느껴보세요. * 홀케이크 예약은 캐치테이블 앱을 통해 예약 가능합니다. 위 링크를 통해 예약 해주세요 :)
88,레이어드,쪽파 크림치즈 스콘,안국역2번 출구에서66m,영업 종료10:00에 영업 시작10시 0분에 영업 시작,포장 무선 인터넷,Have a good time with Layered! 유럽의 한 가정집의 따스함 찰나에 스치는 런던과 파리의 빈티지한 무드를 공간 전체에 녹여낸 카페 레이어드에서 유럽의 로망을 느껴보세요. * 홀케이크 예약은 캐치테이블 앱을 통해 예약 가능합니다. 위 링크를 통해 예약 해주세요 :)
89,레이어드,크랜베리 크림치즈 스콘,안국역2번 출구에서66m,영업 종료10:00에 영업 시작10시 0분에 영업 시작,포장 무선 인터넷,Have a good time with Layered! 유럽의 한 가정집의 따스함 찰나에 스치는 런던과 파리의 빈티지한 무드를 공간 전체에 녹여낸 카페 레이어드에서 유럽의 로망을 느껴보세요. * 홀케이크 예약은 캐치테이블 앱을 통해 예약 가능합니다. 위 링크를 통해 예약 해주세요 :)
90,레이어드,레몬 스콘,안국역2번 출구에서66m,영업 종료10:00에 영업 시작10시 0분에 영업 시작,포장 무선 인터넷,Have a good time with Layered! 유럽의 한 가정집의 따스함 찰나에 스치는 런던과 파리의 빈티지한 무드를 공간 전체에 녹여낸 카페 레이어드에서 유럽의 로망을 느껴보세요. * 홀케이크 예약은 캐치테이블 앱을 통해 예약 가능합니다. 위 링크를 통해 예약 해주세요 :)
91,레이어드,얼그레이 스콘,안국역2번 출구에서66m,영업 종료10:00에 영업 시작10시 0분에 영업 시작,포장 무선 인터넷,Have a good time with Layered! 유럽의 한 가정집의 따스함 찰나에 스치는 런던과 파리의 빈티지한 무드를 공간 전체에 녹여낸 카페 레이어드에서 유럽의 로망을 느껴보세요. * 홀케이크 예약은 캐치테이블 앱을 통해 예약 가능합니다. 위 링크를 통해 예약 해주세요 :)
92,레이어드,시나몬 애플잼 스콘,안국역2번 출구에서66m,영업 종료10:00에 영업 시작10시 0분에 영업 시작,포장 무선 인터넷,Have a good time with Layered! 유럽의 한 가정집의 따스함 찰나에 스치는 런던과 파리의 빈티지한 무드를 공간 전체에 녹여낸 카페 레이어드에서 유럽의 로망을 느껴보세요. * 홀케이크 예약은 캐치테이블 앱을 통해 예약 가능합니다. 위 링크를 통해 예약 해주세요 :)
93,레이어드,바질 페스토 스콘,안국역2번 출구에서66m,영업 종료10:00에 영업 시작10시 0분에 영업 시작,포장 무선 인터넷,Have a good time with Layered! 유럽의 한 가정집의 따스함 찰나에 스치는 런던과 파리의 빈티지한 무드를 공간 전체에 녹여낸 카페 레이어드에서 유럽의 로망을 느껴보세요. * 홀케이크 예약은 캐치테이블 앱을 통해 예약 가능합니다. 위 링크를 통해 예약 해주세요 :)
94,레이어드,딸기 스콘,안국역2번 출구에서66m,영업 종료10:00에 영업 시작10시 0분에 영업 시작,포장 무선 인터넷,Have a good time with Layered! 유럽의 한 가정집의 따스함 찰나에 스치는 런던과 파리의 빈티지한 무드를 공간 전체에 녹여낸 카페 레이어드에서 유럽의 로망을 느껴보세요. * 홀케이크 예약은 캐치테이블 앱을 통해 예약 가능합니다. 위 링크를 통해 예약 해주세요 :)
95,레이어드,코코넛 스콘,안국역2번 출구에서66m,영업 종료10:00에 영업 시작10시 0분에 영업 시작,포장 무선 인터넷,Have a good time with Layered! 유럽의 한 가정집의 따스함 찰나에 스치는 런던과 파리의 빈티지한 무드를 공간 전체에 녹여낸 카페 레이어드에서 유럽의 로망을 느껴보세요. * 홀케이크 예약은 캐치테이블 앱을 통해 예약 가능합니다. 위 링크를 통해 예약 해주세요 :)
96,레이어드,블루베리 스콘,안국역2번 출구에서66m,영업 종료10:00에 영업 시작10시 0분에 영업 시작,포장 무선 인터넷,Have a good time with Layered! 유럽의 한 가정집의 따스함 찰나에 스치는 런던과 파리의 빈티지한 무드를 공간 전체에 녹여낸 카페 레이어드에서 유럽의 로망을 느껴보세요. * 홀케이크 예약은 캐치테이블 앱을 통해 예약 가능합니다. 위 링크를 통해 예약 해주세요 :)
97,레이어드,시나몬 피칸 스콘,안국역2번 출구에서66m,영업 종료10:00에 영업 시작10시 0분에 영업 시작,포장 무선 인터넷,Have a good time with Layered! 유럽의 한 가정집의 따스함 찰나에 스치는 런던과 파리의 빈티지한 무드를 공간 전체에 녹여낸 카페 레이어드에서 유럽의 로망을 느껴보세요. * 홀케이크 예약은 캐치테이블 앱을 통해 예약 가능합니다. 위 링크를 통해 예약 해주세요 :)
98,레이어드,빅토리아 케이크,안국역2번 출구에서66m,영업 종료10:00에 영업 시작10시 0분에 영업 시작,포장 무선 인터넷,Have a good time with Layered! 유럽의 한 가정집의 따스함 찰나에 스치는 런던과 파리의 빈티지한 무드를 공간 전체에 녹여낸 카페 레이어드에서 유럽의 로망을 느껴보세요. * 홀케이크 예약은 캐치테이블 앱을 통해 예약 가능합니다. 위 링크를 통해 예약 해주세요 :)
99,레이어드,리얼 초코 케이크,안국역2번 출구에서66m,영업 종료10:00에 영업 시작10시 0분에 영업 시작,포장 무선 인터넷,Have a good time with Layered! 유럽의 한 가정집의 따스함 찰나에 스치는 런던과 파리의 빈티지한 무드를 공간 전체에 녹여낸 카페 레이어드에서 유럽의 로망을 느껴보세요. * 홀케이크 예약은 캐치테이블 앱을 통해 예약 가능합니다. 위 링크를 통해 예약 해주세요 :)
100,레이어드,당근 케이크,안국역2번 출구에서66m,영업 종료10:00에 영업 시작10시 0분에 영업 시작,포장 무선 인터넷,Have a good time with Layered! 유럽의 한 가정집의 따스함 찰나에 스치는 런던과 파리의 빈티지한 무드를 공간 전체에 녹여낸 카페 레이어드에서 유럽의 로망을 느껴보세요. * 홀케이크 예약은 캐치테이블 앱을 통해 예약 가능합니다. 위 링크를 통해 예약 해주세요 :)
101,레이어드,레몬 케이크,안국역2번 출구에서66m,영업 종료10:00에 영업 시작10시 0분에 영업 시작,포장 무선 인터넷,Have a good time with Layered! 유럽의 한 가정집의 따스함 찰나에 스치는 런던과 파리의 빈티지한 무드를 공간 전체에 녹여낸 카페 레이어드에서 유럽의 로망을 느껴보세요. * 홀케이크 예약은 캐치테이블 앱을 통해 예약 가능합니다. 위 링크를 통해 예약 해주세요 :)
102,홍복성,홍콩소롱보,종각역2번 출구에서237m,영업 종료11:00에 영업 시작11시 0분에 영업 시작,단체 이용 가능 방문접수/출장,신라 호텔 출신의 쉐프가 직접 전하는 깊은 맛으로 이미 주변 중식당에선 이름이 나있는 편이다. 또한 딤섬도 맛있기로 정평이 나있는 홍복성이다.
103,홍복성,소매이,종각역2번 출구에서237m,영업 종료11:00에 영업 시작11시 0분에 영업 시작,단체 이용 가능 방문접수/출장,신라 호텔 출신의 쉐프가 직접 전하는 깊은 맛으로 이미 주변 중식당에선 이름이 나있는 편이다. 또한 딤섬도 맛있기로 정평이 나있는 홍복성이다.
104,홍복성,구채교,종각역2번 출구에서237m,영업 종료11:00에 영업 시작11시 0분에 영업 시작,단체 이용 가능 방문접수/출장,신라 호텔 출신의 쉐프가 직접 전하는 깊은 맛으로 이미 주변 중식당에선 이름이 나있는 편이다. 또한 딤섬도 맛있기로 정평이 나있는 홍복성이다.
105,홍복성,하교(새우딤섬),종각역2번 출구에서237m,영업 종료11:00에 영업 시작11시 0분에 영업 시작,단체 이용 가능 방문접수/출장,신라 호텔 출신의 쉐프가 직접 전하는 깊은 맛으로 이미 주변 중식당에선 이름이 나있는 편이다. 또한 딤섬도 맛있기로 정평이 나있는 홍복성이다.
106,홍복성,유린기,종각역2번 출구에서237m,영업 종료11:00에 영업 시작11시 0분에 영업 시작,단체 이용 가능 방문접수/출장,신라 호텔 출신의 쉐프가 직접 전하는 깊은 맛으로 이미 주변 중식당에선 이름이 나있는 편이다. 또한 딤섬도 맛있기로 정평이 나있는 홍복성이다.
107,홍복성,양장피(소 ),종각역2번 출구에서237m,영업 종료11:00에 영업 시작11시 0분에 영업 시작,단체 이용 가능 방문접수/출장,신라 호텔 출신의 쉐프가 직접 전하는 깊은 맛으로 이미 주변 중식당에선 이름이 나있는 편이다. 또한 딤섬도 맛있기로 정평이 나있는 홍복성이다.
108,홍복성,꿔바로우 (소),종각역2번 출구에서237m,영업 종료11:00에 영업 시작11시 0분에 영업 시작,단체 이용 가능 방문접수/출장,신라 호텔 출신의 쉐프가 직접 전하는 깊은 맛으로 이미 주변 중식당에선 이름이 나있는 편이다. 또한 딤섬도 맛있기로 정평이 나있는 홍복성이다.
109,홍복성,꿔보로우(대),종각역2번 출구에서237m,영업 종료11:00에 영업 시작11시 0분에 영업 시작,단체 이용 가능 방문접수/출장,신라 호텔 출신의 쉐프가 직접 전하는 깊은 맛으로 이미 주변 중식당에선 이름이 나있는 편이다. 또한 딤섬도 맛있기로 정평이 나있는 홍복성이다.
110,홍복성,유린기 (대),종각역2번 출구에서237m,영업 종료11:00에 영업 시작11시 0분에 영업 시작,단체 이용 가능 방문접수/출장,신라 호텔 출신의 쉐프가 직접 전하는 깊은 맛으로 이미 주변 중식당에선 이름이 나있는 편이다. 또한 딤섬도 맛있기로 정평이 나있는 홍복성이다.
111,홍복성,양장피(대),종각역2번 출구에서237m,영업 종료11:00에 영업 시작11시 0분에 영업 시작,단체 이용 가능 방문접수/출장,신라 호텔 출신의 쉐프가 직접 전하는 깊은 맛으로 이미 주변 중식당에선 이름이 나있는 편이다. 또한 딤섬도 맛있기로 정평이 나있는 홍복성이다.
112,마라중독(마라탕 훠궈),대한민국 대표 마라탕(소),종각역4번 출구에서358m,영업 종료10:00에 영업 시작10시 0분에 영업 시작,단체 이용 가능 포장 배달 예약 무선 인터넷 남/녀 화장실 구분,
113,마라중독(마라탕 훠궈),대한민국 대표 마라탕(중),종각역4번 출구에서358m,영업 종료10:00에 영업 시작10시 0분에 영업 시작,단체 이용 가능 포장 배달 예약 무선 인터넷 남/녀 화장실 구분,
114,마라중독(마라탕 훠궈),대한민국 대표 마라탕(대),종각역4번 출구에서358m,영업 종료10:00에 영업 시작10시 0분에 영업 시작,단체 이용 가능 포장 배달 예약 무선 인터넷 남/녀 화장실 구분,
115,마라중독(마라탕 훠궈),대한민국 대표 마라탕(특대),종각역4번 출구에서358m,영업 종료10:00에 영업 시작10시 0분에 영업 시작,단체 이용 가능 포장 배달 예약 무선 인터넷 남/녀 화장실 구분,
116,마라중독(마라탕 훠궈),대한민국 대표 마라탕(특대2),종각역4번 출구에서358m,영업 종료10:00에 영업 시작10시 0분에 영업 시작,단체 이용 가능 포장 배달 예약 무선 인터넷 남/녀 화장실 구분,
117,마라중독(마라탕 훠궈),볶음밥 蛋炒?(1인분),종각역4번 출구에서358m,영업 종료10:00에 영업 시작10시 0분에 영업 시작,단체 이용 가능 포장 배달 예약 무선 인터넷 남/녀 화장실 구분,
118,마라중독(마라탕 훠궈),멘보샤(소(8개)),종각역4번 출구에서358m,영업 종료10:00에 영업 시작10시 0분에 영업 시작,단체 이용 가능 포장 배달 예약 무선 인터넷 남/녀 화장실 구분,
119,마라중독(마라탕 훠궈),멘보샤(대(15개)),종각역4번 출구에서358m,영업 종료10:00에 영업 시작10시 0분에 영업 시작,단체 이용 가능 포장 배달 예약 무선 인터넷 남/녀 화장실 구분,
120,마라중독(마라탕 훠궈),꽃빵튀김 炸花卷(6개),종각역4번 출구에서358m,영업 종료10:00에 영업 시작10시 0분에 영업 시작,단체 이용 가능 포장 배달 예약 무선 인터넷 남/녀 화장실 구분,
121,마라중독(마라탕 훠궈),물만두 手工水?(10개),종각역4번 출구에서358m,영업 종료10:00에 영업 시작10시 0분에 영업 시작,단체 이용 가능 포장 배달 예약 무선 인터넷 남/녀 화장실 구분,
122,마라중독(마라탕 훠궈),사이다雪碧(355ml),종각역4번 출구에서358m,영업 종료10:00에 영업 시작10시 0분에 영업 시작,단체 이용 가능 포장 배달 예약 무선 인터넷 남/녀 화장실 구분,
123,마라중독(마라탕 훠궈),펩시콜라可?(355ml),종각역4번 출구에서358m,영업 종료10:00에 영업 시작10시 0분에 영업 시작,단체 이용 가능 포장 배달 예약 무선 인터넷 남/녀 화장실 구분,
124,마라중독(마라탕 훠궈),파인애플 환타??芬?(355ml),종각역4번 출구에서358m,영업 종료10:00에 영업 시작10시 0분에 영업 시작,단체 이용 가능 포장 배달 예약 무선 인터넷 남/녀 화장실 구분,
125,마라중독(마라탕 훠궈),오렌지 환타 澄汁芬?(355ml),종각역4번 출구에서358m,영업 종료10:00에 영업 시작10시 0분에 영업 시작,단체 이용 가능 포장 배달 예약 무선 인터넷 남/녀 화장실 구분,
126,마라중독(마라탕 훠궈),빙홍차 (아이스티)(500ml),종각역4번 출구에서358m,영업 종료10:00에 영업 시작10시 0분에 영업 시작,단체 이용 가능 포장 배달 예약 무선 인터넷 남/녀 화장실 구분,
127,경성양꼬치,고급갈비,종각역4번 출구에서180m,영업 종료13:00에 영업 시작13시 0분에 영업 시작,단체 이용 가능 예약,경성양꼬치 종로점은 항상 최선을 다 하겠습니다.
128,경성양꼬치,마라갈비,종각역4번 출구에서180m,영업 종료13:00에 영업 시작13시 0분에 영업 시작,단체 이용 가능 예약,경성양꼬치 종로점은 항상 최선을 다 하겠습니다.
129,경성양꼬치,옥수수국수(온면),종각역4번 출구에서180m,영업 종료13:00에 영업 시작13시 0분에 영업 시작,단체 이용 가능 예약,경성양꼬치 종로점은 항상 최선을 다 하겠습니다.
130,경성양꼬치,꿔바로우,종각역4번 출구에서180m,영업 종료13:00에 영업 시작13시 0분에 영업 시작,단체 이용 가능 예약,경성양꼬치 종로점은 항상 최선을 다 하겠습니다.
131,경성양꼬치,양꼬치,종각역4번 출구에서180m,영업 종료13:00에 영업 시작13시 0분에 영업 시작,단체 이용 가능 예약,경성양꼬치 종로점은 항상 최선을 다 하겠습니다.
132,경성양꼬치,어깨갈비,종각역4번 출구에서180m,영업 종료13:00에 영업 시작13시 0분에 영업 시작,단체 이용 가능 예약,경성양꼬치 종로점은 항상 최선을 다 하겠습니다.
133,경성양꼬치,계란탕,종각역4번 출구에서180m,영업 종료13:00에 영업 시작13시 0분에 영업 시작,단체 이용 가능 예약,경성양꼬치 종로점은 항상 최선을 다 하겠습니다.
134,경성양꼬치,얼큰 만두국,종각역4번 출구에서180m,영업 종료13:00에 영업 시작13시 0분에 영업 시작,단체 이용 가능 예약,경성양꼬치 종로점은 항상 최선을 다 하겠습니다.
135,경성양꼬치,물만두,종각역4번 출구에서180m,영업 종료13:00에 영업 시작13시 0분에 영업 시작,단체 이용 가능 예약,경성양꼬치 종로점은 항상 최선을 다 하겠습니다.
136,검향각,해물짬뽕,광화문역6번 출구에서496m,오늘 휴무매주 토요일 휴무매주 토요일 휴무,단체 이용 가능 주차 포장 예약 무선 인터넷 남/녀 화장실 구분,
137,검향각,해물유니짜장,광화문역6번 출구에서496m,오늘 휴무매주 토요일 휴무매주 토요일 휴무,단체 이용 가능 주차 포장 예약 무선 인터넷 남/녀 화장실 구분,
138,검향각,짜장면,광화문역6번 출구에서496m,오늘 휴무매주 토요일 휴무매주 토요일 휴무,단체 이용 가능 주차 포장 예약 무선 인터넷 남/녀 화장실 구분,
139,검향각,동파육(small),광화문역6번 출구에서496m,오늘 휴무매주 토요일 휴무매주 토요일 휴무,단체 이용 가능 주차 포장 예약 무선 인터넷 남/녀 화장실 구분,
140,검향각,동파육(regular),광화문역6번 출구에서496m,오늘 휴무매주 토요일 휴무매주 토요일 휴무,단체 이용 가능 주차 포장 예약 무선 인터넷 남/녀 화장실 구분,
141,검향각,북경식탕수육(small),광화문역6번 출구에서496m,오늘 휴무매주 토요일 휴무매주 토요일 휴무,단체 이용 가능 주차 포장 예약 무선 인터넷 남/녀 화장실 구분,
142,검향각,북경식탕수육(regular),광화문역6번 출구에서496m,오늘 휴무매주 토요일 휴무매주 토요일 휴무,단체 이용 가능 주차 포장 예약 무선 인터넷 남/녀 화장실 구분,
143,검향각,광동식탕수육(small),광화문역6번 출구에서496m,오늘 휴무매주 토요일 휴무매주 토요일 휴무,단체 이용 가능 주차 포장 예약 무선 인터넷 남/녀 화장실 구분,
144,검향각,광동식탕수육(regular),광화문역6번 출구에서496m,오늘 휴무매주 토요일 휴무매주 토요일 휴무,단체 이용 가능 주차 포장 예약 무선 인터넷 남/녀 화장실 구분,
145,무탄 광화문점,칠리새우,광화문역6번 출구에서433m,영업 종료11:20에 영업 시작11시 20분에 영업 시작,단체 이용 가능 주차 포장 예약 무선 인터넷 남/녀 화장실 구분,<TV 출연> 미운우리새끼 340회 23.04.23. 스테 이크트러플짜장면 맛있는녀석들 425회 23.04.2 1. 고흥쭈꾸미돌판짜장면/스테이크트러플...
146,무탄 광화문점,투뿔 한우 트러플 난자완스(4P),광화문역6번 출구에서433m,영업 종료11:20에 영업 시작11시 20분에 영업 시작,단체 이용 가능 주차 포장 예약 무선 인터넷 남/녀 화장실 구분,<TV 출연> 미운우리새끼 340회 23.04.23. 스테 이크트러플짜장면 맛있는녀석들 425회 23.04.2 1. 고흥쭈꾸미돌판짜장면/스테이크트러플...
147,무탄 광화문점,크랩 쉬림프 파인애플 볶음밥,광화문역6번 출구에서433m,영업 종료11:20에 영업 시작11시 20분에 영업 시작,단체 이용 가능 주차 포장 예약 무선 인터넷 남/녀 화장실 구분,<TV 출연> 미운우리새끼 340회 23.04.23. 스테 이크트러플짜장면 맛있는녀석들 425회 23.04.2 1. 고흥쭈꾸미돌판짜장면/스테이크트러플...
148,무탄 광화문점,전복장육냉채,광화문역6번 출구에서433m,영업 종료11:20에 영업 시작11시 20분에 영업 시작,단체 이용 가능 주차 포장 예약 무선 인터넷 남/녀 화장실 구분,<TV 출연> 미운우리새끼 340회 23.04.23. 스테 이크트러플짜장면 맛있는녀석들 425회 23.04.2 1. 고흥쭈꾸미돌판짜장면/스테이크트러플...
149,무탄 광화문점,스테이크 트러플 자장면,광화문역6번 출구에서433m,영업 종료11:20에 영업 시작11시 20분에 영업 시작,단체 이용 가능 주차 포장 예약 무선 인터넷 남/녀 화장실 구분,<TV 출연> 미운우리새끼 340회 23.04.23. 스테 이크트러플짜장면 맛있는녀석들 425회 23.04.2 1. 고흥쭈꾸미돌판짜장면/스테이크트러플...
150,무탄 광화문점,마카롱 멘보샤(3P),광화문역6번 출구에서433m,영업 종료11:20에 영업 시작11시 20분에 영업 시작,단체 이용 가능 주차 포장 예약 무선 인터넷 남/녀 화장실 구분,<TV 출연> 미운우리새끼 340회 23.04.23. 스테 이크트러플짜장면 맛있는녀석들 425회 23.04.2 1. 고흥쭈꾸미돌판짜장면/스테이크트러플...
151,무탄 광화문점,고추유린기,광화문역6번 출구에서433m,영업 종료11:20에 영업 시작11시 20분에 영업 시작,단체 이용 가능 주차 포장 예약 무선 인터넷 남/녀 화장실 구분,<TV 출연> 미운우리새끼 340회 23.04.23. 스테 이크트러플짜장면 맛있는녀석들 425회 23.04.2 1. 고흥쭈꾸미돌판짜장면/스테이크트러플...
152,무탄 광화문점,대파 유린기,광화문역6번 출구에서433m,영업 종료11:20에 영업 시작11시 20분에 영업 시작,단체 이용 가능 주차 포장 예약 무선 인터넷 남/녀 화장실 구분,<TV 출연> 미운우리새끼 340회 23.04.23. 스테 이크트러플짜장면 맛있는녀석들 425회 23.04.2 1. 고흥쭈꾸미돌판짜장면/스테이크트러플...
153,무탄 광화문점,더블 스테이크 트러플 자장면,광화문역6번 출구에서433m,영업 종료11:20에 영업 시작11시 20분에 영업 시작,단체 이용 가능 주차 포장 예약 무선 인터넷 남/녀 화장실 구분,<TV 출연> 미운우리새끼 340회 23.04.23. 스테 이크트러플짜장면 맛있는녀석들 425회 23.04.2 1. 고흥쭈꾸미돌판짜장면/스테이크트러플...
154,무탄 광화문점,오향장우육,광화문역6번 출구에서433m,영업 종료11:20에 영업 시작11시 20분에 영업 시작,단체 이용 가능 주차 포장 예약 무선 인터넷 남/녀 화장실 구분,<TV 출연> 미운우리새끼 340회 23.04.23. 스테 이크트러플짜장면 맛있는녀석들 425회 23.04.2 1. 고흥쭈꾸미돌판짜장면/스테이크트러플...
155,무탄 광화문점,돌판 투뿔 한우 사천 짜장(2인분),광화문역6번 출구에서433m,영업 종료11:20에 영업 시작11시 20분에 영업 시작,단체 이용 가능 주차 포장 예약 무선 인터넷 남/녀 화장실 구분,<TV 출연> 미운우리새끼 340회 23.04.23. 스테 이크트러플짜장면 맛있는녀석들 425회 23.04.2 1. 고흥쭈꾸미돌판짜장면/스테이크트러플...
156,무탄 광화문점,한우 사천 마파면,광화문역6번 출구에서433m,영업 종료11:20에 영업 시작11시 20분에 영업 시작,단체 이용 가능 주차 포장 예약 무선 인터넷 남/녀 화장실 구분,<TV 출연> 미운우리새끼 340회 23.04.23. 스테 이크트러플짜장면 맛있는녀석들 425회 23.04.2 1. 고흥쭈꾸미돌판짜장면/스테이크트러플...
157,무탄 광화문점,고흥 매생이 누룽지탕,광화문역6번 출구에서433m,영업 종료11:20에 영업 시작11시 20분에 영업 시작,단체 이용 가능 주차 포장 예약 무선 인터넷 남/녀 화장실 구분,<TV 출연> 미운우리새끼 340회 23.04.23. 스테 이크트러플짜장면 맛있는녀석들 425회 23.04.2 1. 고흥쭈꾸미돌판짜장면/스테이크트러플...
158,무탄 광화문점,특제 한우탄탄면,광화문역6번 출구에서433m,영업 종료11:20에 영업 시작11시 20분에 영업 시작,단체 이용 가능 주차 포장 예약 무선 인터넷 남/녀 화장실 구분,<TV 출연> 미운우리새끼 340회 23.04.23. 스테 이크트러플짜장면 맛있는녀석들 425회 23.04.2 1. 고흥쭈꾸미돌판짜장면/스테이크트러플...
159,무탄 광화문점,고흥 쭈꾸미 특 짬뽕,광화문역6번 출구에서433m,영업 종료11:20에 영업 시작11시 20분에 영업 시작,단체 이용 가능 주차 포장 예약 무선 인터넷 남/녀 화장실 구분,<TV 출연> 미운우리새끼 340회 23.04.23. 스테 이크트러플짜장면 맛있는녀석들 425회 23.04.2 1. 고흥쭈꾸미돌판짜장면/스테이크트러플...
160,진아춘(광화문점),짜장면,광화문역6번 출구에서172m,,,
161,진아춘(광화문점),고추간짜장,광화문역6번 출구에서172m,,,
162,진아춘(광화문점),삼선짜장,광화문역6번 출구에서172m,,,
163,진아춘(광화문점),볶음짜장,광화문역6번 출구에서172m,,,
164,진아춘(광화문점),볶음짬뽕,광화문역6번 출구에서172m,,,
165,진아춘(광화문점),짬뽕,광화문역6번 출구에서172m,,,
166,진아춘(광화문점),삼선짬뽕,광화문역6번 출구에서172m,,,
167,진아춘(광화문점),삼선울면,광화문역6번 출구에서172m,,,
168,진아춘(광화문점),소고기탕면,광화문역6번 출구에서172m,,,
169,진아춘(광화문점),새우볶음밥,광화문역6번 출구에서172m,,,
170,진아춘(광화문점),치킨볶음밥,광화문역6번 출구에서172m,,,
171,진아춘(광화문점),마파두부밥,광화문역6번 출구에서172m,,,
172,진아춘(광화문점),잡채밥,광화문역6번 출구에서172m,,,
173,진아춘(광화문점),유산슬밥,광화문역6번 출구에서172m,,,
174,진아춘(광화문점),진아밥,광화문역6번 출구에서172m,,,
175,광화문 미시엔,소고기 미시엔,광화문역6번 출구에서172m,오늘 휴무매주 토요일 휴무매주 토요일 휴무,주차 포장,중국운남성 쌀국수:얼큰한 육수에 쫄깃한 쌀국수 소고기 야채가 어루어져 풍미를 더함. 육수는 동일하며 단품메뉴로 소고기양고기완자 ...
176,광화문 미시엔,양고기 미시엔,광화문역6번 출구에서172m,오늘 휴무매주 토요일 휴무매주 토요일 휴무,주차 포장,중국운남성 쌀국수:얼큰한 육수에 쫄깃한 쌀국수 소고기 야채가 어루어져 풍미를 더함. 육수는 동일하며 단품메뉴로 소고기양고기완자 ...
177,광화문 미시엔,완자 미시엔,광화문역6번 출구에서172m,오늘 휴무매주 토요일 휴무매주 토요일 휴무,주차 포장,중국운남성 쌀국수:얼큰한 육수에 쫄깃한 쌀국수 소고기 야채가 어루어져 풍미를 더함. 육수는 동일하며 단품메뉴로 소고기양고기완자 ...
178,광화문 미시엔,야채 미시엔,광화문역6번 출구에서172m,오늘 휴무매주 토요일 휴무매주 토요일 휴무,주차 포장,중국운남성 쌀국수:얼큰한 육수에 쫄깃한 쌀국수 소고기 야채가 어루어져 풍미를 더함. 육수는 동일하며 단품메뉴로 소고기양고기완자 ...
179,광화문 미시엔,해물 미시엔,광화문역6번 출구에서172m,오늘 휴무매주 토요일 휴무매주 토요일 휴무,주차 포장,중국운남성 쌀국수:얼큰한 육수에 쫄깃한 쌀국수 소고기 야채가 어루어져 풍미를 더함. 육수는 동일하며 단품메뉴로 소고기양고기완자 ...
180,광화문 미시엔,써우좌빙,광화문역6번 출구에서172m,오늘 휴무매주 토요일 휴무매주 토요일 휴무,주차 포장,중국운남성 쌀국수:얼큰한 육수에 쫄깃한 쌀국수 소고기 야채가 어루어져 풍미를 더함. 육수는 동일하며 단품메뉴로 소고기양고기완자 ...
181,광화문 미시엔,칭따오,광화문역6번 출구에서172m,오늘 휴무매주 토요일 휴무매주 토요일 휴무,주차 포장,중국운남성 쌀국수:얼큰한 육수에 쫄깃한 쌀국수 소고기 야채가 어루어져 풍미를 더함. 육수는 동일하며 단품메뉴로 소고기양고기완자 ...
182,광화문 미시엔,하얼빈,광화문역6번 출구에서172m,오늘 휴무매주 토요일 휴무매주 토요일 휴무,주차 포장,중국운남성 쌀국수:얼큰한 육수에 쫄깃한 쌀국수 소고기 야채가 어루어져 풍미를 더함. 육수는 동일하며 단품메뉴로 소고기양고기완자 ...
183,광화문 미시엔,음료수,광화문역6번 출구에서172m,오늘 휴무매주 토요일 휴무매주 토요일 휴무,주차 포장,중국운남성 쌀국수:얼큰한 육수에 쫄깃한 쌀국수 소고기 야채가 어루어져 풍미를 더함. 육수는 동일하며 단품메뉴로 소고기양고기완자 ...
184,춘리(CHUN-LI),마라탕,광화문역6번 출구에서172m,영업 종료내일 휴무내일 휴무,주차 포장 무선 인터넷 남/녀 화장실 구분,춘리마라탕 제대로 된 마라탕 당신의 인생마라탕 익숙한 그맛을 지켜드립니다.
185,춘리(CHUN-LI),마라샹궈,광화문역6번 출구에서172m,영업 종료내일 휴무내일 휴무,주차 포장 무선 인터넷 남/녀 화장실 구분,춘리마라탕 제대로 된 마라탕 당신의 인생마라탕 익숙한 그맛을 지켜드립니다.
186,춘리(CHUN-LI),꿔바로우(소),광화문역6번 출구에서172m,영업 종료내일 휴무내일 휴무,주차 포장 무선 인터넷 남/녀 화장실 구분,춘리마라탕 제대로 된 마라탕 당신의 인생마라탕 익숙한 그맛을 지켜드립니다.
187,춘리(CHUN-LI),꿔바로우(대),광화문역6번 출구에서172m,영업 종료내일 휴무내일 휴무,주차 포장 무선 인터넷 남/녀 화장실 구분,춘리마라탕 제대로 된 마라탕 당신의 인생마라탕 익숙한 그맛을 지켜드립니다.
188,춘리(CHUN-LI),꿔바로우 (중),광화문역6번 출구에서172m,영업 종료내일 휴무내일 휴무,주차 포장 무선 인터넷 남/녀 화장실 구분,춘리마라탕 제대로 된 마라탕 당신의 인생마라탕 익숙한 그맛을 지켜드립니다.
189,춘리(CHUN-LI),공기밥,광화문역6번 출구에서172m,영업 종료내일 휴무내일 휴무,주차 포장 무선 인터넷 남/녀 화장실 구분,춘리마라탕 제대로 된 마라탕 당신의 인생마라탕 익숙한 그맛을 지켜드립니다.
190,일일향 광화문점,어향동고,광화문역1번 출구에서234m,영업 종료11:20에 영업 시작11시 20분에 영업 시작,단체 이용 가능 주차 예약 무선 인터넷 남/녀 화장실 구분,신선한 재료에서 만들어지는 맛은 다릅니다 중국 본토에서 좋은 사람들과 함께 나누고 즐기던 귀한 요리들에 일일향이 가진 신선한 이야기를 더하여 가장 신선한 향의 중화요리를 선보입니다 세가지 신선함이 일일향의 중화요리를 대변합니다. 일일향 요리가 만들어지기 까지는 세가지가 신선해야 합니다. 채- 매일 농수산 직거래를 통해 지점마다 배송하여 당일 소진하기 때문에 가장 신선한 재료를 가지고 요리합니다. 육 매일 새벽에 도축한 생고기(생등심)을 당일 아침에 배송하기 때문에 최상의 컨디션과 신선도를 유지하여 요리 할 수 있습니다 해- 일일향에서 쓰는 해산물은 생물로 살아있는 전복 활어생선등 손님상에 오르기전 준비하여 가장 신선할때 조리합니다.
191,일일향 광화문점,육즙돼지고기탕수육,광화문역1번 출구에서234m,영업 종료11:20에 영업 시작11시 20분에 영업 시작,단체 이용 가능 주차 예약 무선 인터넷 남/녀 화장실 구분,신선한 재료에서 만들어지는 맛은 다릅니다 중국 본토에서 좋은 사람들과 함께 나누고 즐기던 귀한 요리들에 일일향이 가진 신선한 이야기를 더하여 가장 신선한 향의 중화요리를 선보입니다 세가지 신선함이 일일향의 중화요리를 대변합니다. 일일향 요리가 만들어지기 까지는 세가지가 신선해야 합니다. 채- 매일 농수산 직거래를 통해 지점마다 배송하여 당일 소진하기 때문에 가장 신선한 재료를 가지고 요리합니다. 육 매일 새벽에 도축한 생고기(생등심)을 당일 아침에 배송하기 때문에 최상의 컨디션과 신선도를 유지하여 요리 할 수 있습니다 해- 일일향에서 쓰는 해산물은 생물로 살아있는 전복 활어생선등 손님상에 오르기전 준비하여 가장 신선할때 조리합니다.
192,일일향 광화문점,깐풍기,광화문역1번 출구에서234m,영업 종료11:20에 영업 시작11시 20분에 영업 시작,단체 이용 가능 주차 예약 무선 인터넷 남/녀 화장실 구분,신선한 재료에서 만들어지는 맛은 다릅니다 중국 본토에서 좋은 사람들과 함께 나누고 즐기던 귀한 요리들에 일일향이 가진 신선한 이야기를 더하여 가장 신선한 향의 중화요리를 선보입니다 세가지 신선함이 일일향의 중화요리를 대변합니다. 일일향 요리가 만들어지기 까지는 세가지가 신선해야 합니다. 채- 매일 농수산 직거래를 통해 지점마다 배송하여 당일 소진하기 때문에 가장 신선한 재료를 가지고 요리합니다. 육 매일 새벽에 도축한 생고기(생등심)을 당일 아침에 배송하기 때문에 최상의 컨디션과 신선도를 유지하여 요리 할 수 있습니다 해- 일일향에서 쓰는 해산물은 생물로 살아있는 전복 활어생선등 손님상에 오르기전 준비하여 가장 신선할때 조리합니다.
193,일일향 광화문점,옛날볶음밥,광화문역1번 출구에서234m,영업 종료11:20에 영업 시작11시 20분에 영업 시작,단체 이용 가능 주차 예약 무선 인터넷 남/녀 화장실 구분,신선한 재료에서 만들어지는 맛은 다릅니다 중국 본토에서 좋은 사람들과 함께 나누고 즐기던 귀한 요리들에 일일향이 가진 신선한 이야기를 더하여 가장 신선한 향의 중화요리를 선보입니다 세가지 신선함이 일일향의 중화요리를 대변합니다. 일일향 요리가 만들어지기 까지는 세가지가 신선해야 합니다. 채- 매일 농수산 직거래를 통해 지점마다 배송하여 당일 소진하기 때문에 가장 신선한 재료를 가지고 요리합니다. 육 매일 새벽에 도축한 생고기(생등심)을 당일 아침에 배송하기 때문에 최상의 컨디션과 신선도를 유지하여 요리 할 수 있습니다 해- 일일향에서 쓰는 해산물은 생물로 살아있는 전복 활어생선등 손님상에 오르기전 준비하여 가장 신선할때 조리합니다.
194,일일향 광화문점,옛날짬뽕,광화문역1번 출구에서234m,영업 종료11:20에 영업 시작11시 20분에 영업 시작,단체 이용 가능 주차 예약 무선 인터넷 남/녀 화장실 구분,신선한 재료에서 만들어지는 맛은 다릅니다 중국 본토에서 좋은 사람들과 함께 나누고 즐기던 귀한 요리들에 일일향이 가진 신선한 이야기를 더하여 가장 신선한 향의 중화요리를 선보입니다 세가지 신선함이 일일향의 중화요리를 대변합니다. 일일향 요리가 만들어지기 까지는 세가지가 신선해야 합니다. 채- 매일 농수산 직거래를 통해 지점마다 배송하여 당일 소진하기 때문에 가장 신선한 재료를 가지고 요리합니다. 육 매일 새벽에 도축한 생고기(생등심)을 당일 아침에 배송하기 때문에 최상의 컨디션과 신선도를 유지하여 요리 할 수 있습니다 해- 일일향에서 쓰는 해산물은 생물로 살아있는 전복 활어생선등 손님상에 오르기전 준비하여 가장 신선할때 조리합니다.
195,일일향 광화문점,잡채볶음밥,광화문역1번 출구에서234m,영업 종료11:20에 영업 시작11시 20분에 영업 시작,단체 이용 가능 주차 예약 무선 인터넷 남/녀 화장실 구분,신선한 재료에서 만들어지는 맛은 다릅니다 중국 본토에서 좋은 사람들과 함께 나누고 즐기던 귀한 요리들에 일일향이 가진 신선한 이야기를 더하여 가장 신선한 향의 중화요리를 선보입니다 세가지 신선함이 일일향의 중화요리를 대변합니다. 일일향 요리가 만들어지기 까지는 세가지가 신선해야 합니다. 채- 매일 농수산 직거래를 통해 지점마다 배송하여 당일 소진하기 때문에 가장 신선한 재료를 가지고 요리합니다. 육 매일 새벽에 도축한 생고기(생등심)을 당일 아침에 배송하기 때문에 최상의 컨디션과 신선도를 유지하여 요리 할 수 있습니다 해- 일일향에서 쓰는 해산물은 생물로 살아있는 전복 활어생선등 손님상에 오르기전 준비하여 가장 신선할때 조리합니다.
196,일일향 광화문점,전가복,광화문역1번 출구에서234m,영업 종료11:20에 영업 시작11시 20분에 영업 시작,단체 이용 가능 주차 예약 무선 인터넷 남/녀 화장실 구분,신선한 재료에서 만들어지는 맛은 다릅니다 중국 본토에서 좋은 사람들과 함께 나누고 즐기던 귀한 요리들에 일일향이 가진 신선한 이야기를 더하여 가장 신선한 향의 중화요리를 선보입니다 세가지 신선함이 일일향의 중화요리를 대변합니다. 일일향 요리가 만들어지기 까지는 세가지가 신선해야 합니다. 채- 매일 농수산 직거래를 통해 지점마다 배송하여 당일 소진하기 때문에 가장 신선한 재료를 가지고 요리합니다. 육 매일 새벽에 도축한 생고기(생등심)을 당일 아침에 배송하기 때문에 최상의 컨디션과 신선도를 유지하여 요리 할 수 있습니다 해- 일일향에서 쓰는 해산물은 생물로 살아있는 전복 활어생선등 손님상에 오르기전 준비하여 가장 신선할때 조리합니다.
197,일일향 광화문점,유린기,광화문역1번 출구에서234m,영업 종료11:20에 영업 시작11시 20분에 영업 시작,단체 이용 가능 주차 예약 무선 인터넷 남/녀 화장실 구분,신선한 재료에서 만들어지는 맛은 다릅니다 중국 본토에서 좋은 사람들과 함께 나누고 즐기던 귀한 요리들에 일일향이 가진 신선한 이야기를 더하여 가장 신선한 향의 중화요리를 선보입니다 세가지 신선함이 일일향의 중화요리를 대변합니다. 일일향 요리가 만들어지기 까지는 세가지가 신선해야 합니다. 채- 매일 농수산 직거래를 통해 지점마다 배송하여 당일 소진하기 때문에 가장 신선한 재료를 가지고 요리합니다. 육 매일 새벽에 도축한 생고기(생등심)을 당일 아침에 배송하기 때문에 최상의 컨디션과 신선도를 유지하여 요리 할 수 있습니다 해- 일일향에서 쓰는 해산물은 생물로 살아있는 전복 활어생선등 손님상에 오르기전 준비하여 가장 신선할때 조리합니다.
198,일일향 광화문점,라조기,광화문역1번 출구에서234m,영업 종료11:20에 영업 시작11시 20분에 영업 시작,단체 이용 가능 주차 예약 무선 인터넷 남/녀 화장실 구분,신선한 재료에서 만들어지는 맛은 다릅니다 중국 본토에서 좋은 사람들과 함께 나누고 즐기던 귀한 요리들에 일일향이 가진 신선한 이야기를 더하여 가장 신선한 향의 중화요리를 선보입니다 세가지 신선함이 일일향의 중화요리를 대변합니다. 일일향 요리가 만들어지기 까지는 세가지가 신선해야 합니다. 채- 매일 농수산 직거래를 통해 지점마다 배송하여 당일 소진하기 때문에 가장 신선한 재료를 가지고 요리합니다. 육 매일 새벽에 도축한 생고기(생등심)을 당일 아침에 배송하기 때문에 최상의 컨디션과 신선도를 유지하여 요리 할 수 있습니다 해- 일일향에서 쓰는 해산물은 생물로 살아있는 전복 활어생선등 손님상에 오르기전 준비하여 가장 신선할때 조리합니다.
199,일일향 광화문점,궁보기정,광화문역1번 출구에서234m,영업 종료11:20에 영업 시작11시 20분에 영업 시작,단체 이용 가능 주차 예약 무선 인터넷 남/녀 화장실 구분,신선한 재료에서 만들어지는 맛은 다릅니다 중국 본토에서 좋은 사람들과 함께 나누고 즐기던 귀한 요리들에 일일향이 가진 신선한 이야기를 더하여 가장 신선한 향의 중화요리를 선보입니다 세가지 신선함이 일일향의 중화요리를 대변합니다. 일일향 요리가 만들어지기 까지는 세가지가 신선해야 합니다. 채- 매일 농수산 직거래를 통해 지점마다 배송하여 당일 소진하기 때문에 가장 신선한 재료를 가지고 요리합니다. 육 매일 새벽에 도축한 생고기(생등심)을 당일 아침에 배송하기 때문에 최상의 컨디션과 신선도를 유지하여 요리 할 수 있습니다 해- 일일향에서 쓰는 해산물은 생물로 살아있는 전복 활어생선등 손님상에 오르기전 준비하여 가장 신선할때 조리합니다.
200,일일향 광화문점,코스요리(매일매일),광화문역1번 출구에서234m,영업 종료11:20에 영업 시작11시 20분에 영업 시작,단체 이용 가능 주차 예약 무선 인터넷 남/녀 화장실 구분,신선한 재료에서 만들어지는 맛은 다릅니다 중국 본토에서 좋은 사람들과 함께 나누고 즐기던 귀한 요리들에 일일향이 가진 신선한 이야기를 더하여 가장 신선한 향의 중화요리를 선보입니다 세가지 신선함이 일일향의 중화요리를 대변합니다. 일일향 요리가 만들어지기 까지는 세가지가 신선해야 합니다. 채- 매일 농수산 직거래를 통해 지점마다 배송하여 당일 소진하기 때문에 가장 신선한 재료를 가지고 요리합니다. 육 매일 새벽에 도축한 생고기(생등심)을 당일 아침에 배송하기 때문에 최상의 컨디션과 신선도를 유지하여 요리 할 수 있습니다 해- 일일향에서 쓰는 해산물은 생물로 살아있는 전복 활어생선등 손님상에 오르기전 준비하여 가장 신선할때 조리합니다.
201,일일향 광화문점,코스요리(향기향기),광화문역1번 출구에서234m,영업 종료11:20에 영업 시작11시 20분에 영업 시작,단체 이용 가능 주차 예약 무선 인터넷 남/녀 화장실 구분,신선한 재료에서 만들어지는 맛은 다릅니다 중국 본토에서 좋은 사람들과 함께 나누고 즐기던 귀한 요리들에 일일향이 가진 신선한 이야기를 더하여 가장 신선한 향의 중화요리를 선보입니다 세가지 신선함이 일일향의 중화요리를 대변합니다. 일일향 요리가 만들어지기 까지는 세가지가 신선해야 합니다. 채- 매일 농수산 직거래를 통해 지점마다 배송하여 당일 소진하기 때문에 가장 신선한 재료를 가지고 요리합니다. 육 매일 새벽에 도축한 생고기(생등심)을 당일 아침에 배송하기 때문에 최상의 컨디션과 신선도를 유지하여 요리 할 수 있습니다 해- 일일향에서 쓰는 해산물은 생물로 살아있는 전복 활어생선등 손님상에 오르기전 준비하여 가장 신선할때 조리합니다.
202,일일향 광화문점,코스요리(다정다감),광화문역1번 출구에서234m,영업 종료11:20에 영업 시작11시 20분에 영업 시작,단체 이용 가능 주차 예약 무선 인터넷 남/녀 화장실 구분,신선한 재료에서 만들어지는 맛은 다릅니다 중국 본토에서 좋은 사람들과 함께 나누고 즐기던 귀한 요리들에 일일향이 가진 신선한 이야기를 더하여 가장 신선한 향의 중화요리를 선보입니다 세가지 신선함이 일일향의 중화요리를 대변합니다. 일일향 요리가 만들어지기 까지는 세가지가 신선해야 합니다. 채- 매일 농수산 직거래를 통해 지점마다 배송하여 당일 소진하기 때문에 가장 신선한 재료를 가지고 요리합니다. 육 매일 새벽에 도축한 생고기(생등심)을 당일 아침에 배송하기 때문에 최상의 컨디션과 신선도를 유지하여 요리 할 수 있습니다 해- 일일향에서 쓰는 해산물은 생물로 살아있는 전복 활어생선등 손님상에 오르기전 준비하여 가장 신선할때 조리합니다.
203,일일향 광화문점,코스요리(매일매일),광화문역1번 출구에서234m,영업 종료11:20에 영업 시작11시 20분에 영업 시작,단체 이용 가능 주차 예약 무선 인터넷 남/녀 화장실 구분,신선한 재료에서 만들어지는 맛은 다릅니다 중국 본토에서 좋은 사람들과 함께 나누고 즐기던 귀한 요리들에 일일향이 가진 신선한 이야기를 더하여 가장 신선한 향의 중화요리를 선보입니다 세가지 신선함이 일일향의 중화요리를 대변합니다. 일일향 요리가 만들어지기 까지는 세가지가 신선해야 합니다. 채- 매일 농수산 직거래를 통해 지점마다 배송하여 당일 소진하기 때문에 가장 신선한 재료를 가지고 요리합니다. 육 매일 새벽에 도축한 생고기(생등심)을 당일 아침에 배송하기 때문에 최상의 컨디션과 신선도를 유지하여 요리 할 수 있습니다 해- 일일향에서 쓰는 해산물은 생물로 살아있는 전복 활어생선등 손님상에 오르기전 준비하여 가장 신선할때 조리합니다.
204,금용문,차돌박이 낙지 짬뽕,광화문역1번 출구에서124m,영업 종료11:30에 영업 시작11시 30분에 영업 시작,단체 이용 가능 주차 포장 예약 무선 인터넷 남/녀 화장실 구분 장애인 편의시설,*종로구가 인증한 안심식당 등록 업체 입니다. * 주차는 양지 주차장 또는 세종클럽주차장(네비게 이션 에서 검색) 을 이용하시면 주차권을 ...
205,금용문,금도시락,광화문역1번 출구에서124m,영업 종료11:30에 영업 시작11시 30분에 영업 시작,단체 이용 가능 주차 포장 예약 무선 인터넷 남/녀 화장실 구분 장애인 편의시설,*종로구가 인증한 안심식당 등록 업체 입니다. * 주차는 양지 주차장 또는 세종클럽주차장(네비게 이션 에서 검색) 을 이용하시면 주차권을 ...
206,금용문,소고기 대파탕면,광화문역1번 출구에서124m,영업 종료11:30에 영업 시작11시 30분에 영업 시작,단체 이용 가능 주차 포장 예약 무선 인터넷 남/녀 화장실 구분 장애인 편의시설,*종로구가 인증한 안심식당 등록 업체 입니다. * 주차는 양지 주차장 또는 세종클럽주차장(네비게 이션 에서 검색) 을 이용하시면 주차권을 ...
207,금용문,잡탕밥,광화문역1번 출구에서124m,영업 종료11:30에 영업 시작11시 30분에 영업 시작,단체 이용 가능 주차 포장 예약 무선 인터넷 남/녀 화장실 구분 장애인 편의시설,*종로구가 인증한 안심식당 등록 업체 입니다. * 주차는 양지 주차장 또는 세종클럽주차장(네비게 이션 에서 검색) 을 이용하시면 주차권을 ...
208,금용문,난초,광화문역1번 출구에서124m,영업 종료11:30에 영업 시작11시 30분에 영업 시작,단체 이용 가능 주차 포장 예약 무선 인터넷 남/녀 화장실 구분 장애인 편의시설,*종로구가 인증한 안심식당 등록 업체 입니다. * 주차는 양지 주차장 또는 세종클럽주차장(네비게 이션 에서 검색) 을 이용하시면 주차권을 ...
209,금용문,국화,광화문역1번 출구에서124m,영업 종료11:30에 영업 시작11시 30분에 영업 시작,단체 이용 가능 주차 포장 예약 무선 인터넷 남/녀 화장실 구분 장애인 편의시설,*종로구가 인증한 안심식당 등록 업체 입니다. * 주차는 양지 주차장 또는 세종클럽주차장(네비게 이션 에서 검색) 을 이용하시면 주차권을 ...
210,금용문,대나무,광화문역1번 출구에서124m,영업 종료11:30에 영업 시작11시 30분에 영업 시작,단체 이용 가능 주차 포장 예약 무선 인터넷 남/녀 화장실 구분 장애인 편의시설,*종로구가 인증한 안심식당 등록 업체 입니다. * 주차는 양지 주차장 또는 세종클럽주차장(네비게 이션 에서 검색) 을 이용하시면 주차권을 ...
211,금용문,백호,광화문역1번 출구에서124m,영업 종료11:30에 영업 시작11시 30분에 영업 시작,단체 이용 가능 주차 포장 예약 무선 인터넷 남/녀 화장실 구분 장애인 편의시설,*종로구가 인증한 안심식당 등록 업체 입니다. * 주차는 양지 주차장 또는 세종클럽주차장(네비게 이션 에서 검색) 을 이용하시면 주차권을 ...
212,금용문,현무,광화문역1번 출구에서124m,영업 종료11:30에 영업 시작11시 30분에 영업 시작,단체 이용 가능 주차 포장 예약 무선 인터넷 남/녀 화장실 구분 장애인 편의시설,*종로구가 인증한 안심식당 등록 업체 입니다. * 주차는 양지 주차장 또는 세종클럽주차장(네비게 이션 에서 검색) 을 이용하시면 주차권을 ...
213,금용문,주작,광화문역1번 출구에서124m,영업 종료11:30에 영업 시작11시 30분에 영업 시작,단체 이용 가능 주차 포장 예약 무선 인터넷 남/녀 화장실 구분 장애인 편의시설,*종로구가 인증한 안심식당 등록 업체 입니다. * 주차는 양지 주차장 또는 세종클럽주차장(네비게 이션 에서 검색) 을 이용하시면 주차권을 ...
214,금용문,주말특선 황산,광화문역1번 출구에서124m,영업 종료11:30에 영업 시작11시 30분에 영업 시작,단체 이용 가능 주차 포장 예약 무선 인터넷 남/녀 화장실 구분 장애인 편의시설,*종로구가 인증한 안심식당 등록 업체 입니다. * 주차는 양지 주차장 또는 세종클럽주차장(네비게 이션 에서 검색) 을 이용하시면 주차권을 ...
215,금용문,주말특선 코스,광화문역1번 출구에서124m,영업 종료11:30에 영업 시작11시 30분에 영업 시작,단체 이용 가능 주차 포장 예약 무선 인터넷 남/녀 화장실 구분 장애인 편의시설,*종로구가 인증한 안심식당 등록 업체 입니다. * 주차는 양지 주차장 또는 세종클럽주차장(네비게 이션 에서 검색) 을 이용하시면 주차권을 ...
216,금용문,주말특선 양산,광화문역1번 출구에서124m,영업 종료11:30에 영업 시작11시 30분에 영업 시작,단체 이용 가능 주차 포장 예약 무선 인터넷 남/녀 화장실 구분 장애인 편의시설,*종로구가 인증한 안심식당 등록 업체 입니다. * 주차는 양지 주차장 또는 세종클럽주차장(네비게 이션 에서 검색) 을 이용하시면 주차권을 ...
217,금용문,용도시락,광화문역1번 출구에서124m,영업 종료11:30에 영업 시작11시 30분에 영업 시작,단체 이용 가능 주차 포장 예약 무선 인터넷 남/녀 화장실 구분 장애인 편의시설,*종로구가 인증한 안심식당 등록 업체 입니다. * 주차는 양지 주차장 또는 세종클럽주차장(네비게 이션 에서 검색) 을 이용하시면 주차권을 ...
218,금용문,문도시락,광화문역1번 출구에서124m,영업 종료11:30에 영업 시작11시 30분에 영업 시작,단체 이용 가능 주차 포장 예약 무선 인터넷 남/녀 화장실 구분 장애인 편의시설,*종로구가 인증한 안심식당 등록 업체 입니다. * 주차는 양지 주차장 또는 세종클럽주차장(네비게 이션 에서 검색) 을 이용하시면 주차권을 ...
219,광화문 더덕순대,순대국,광화문역8번 출구에서118m,24시간 영업연중무휴연중무휴,,
220,광화문 더덕순대,순대만,광화문역8번 출구에서118m,24시간 영업연중무휴연중무휴,,
221,광화문 더덕순대,돼지국밥,광화문역8번 출구에서118m,24시간 영업연중무휴연중무휴,,
222,광화문 더덕순대,내장탕,광화문역8번 출구에서118m,24시간 영업연중무휴연중무휴,,
223,광화문 더덕순대,정식,광화문역8번 출구에서118m,24시간 영업연중무휴연중무휴,,
224,광화문 더덕순대,야채순대반접시,광화문역8번 출구에서118m,24시간 영업연중무휴연중무휴,,
225,광화문 더덕순대,야채순대,광화문역8번 출구에서118m,24시간 영업연중무휴연중무휴,,
226,광화문 더덕순대,모듬순대,광화문역8번 출구에서118m,24시간 영업연중무휴연중무휴,,
227,광화문 더덕순대,수육,광화문역8번 출구에서118m,24시간 영업연중무휴연중무휴,,
228,광화문 더덕순대,곱창볶음,광화문역8번 출구에서118m,24시간 영업연중무휴연중무휴,,
229,광화문 더덕순대,곱창전골,광화문역8번 출구에서118m,24시간 영업연중무휴연중무휴,,
230,광화문 더덕순대,술국,광화문역8번 출구에서118m,24시간 영업연중무휴연중무휴,,
231,광화문 더덕순대,볶음밥,광화문역8번 출구에서118m,24시간 영업연중무휴연중무휴,,
232,샤니웨니,마라탕,광화문역8번 출구에서113m,오늘 휴무매주 토요일 휴무매주 토요일 휴무,,
233,샤니웨니,자장면,광화문역8번 출구에서113m,오늘 휴무매주 토요일 휴무매주 토요일 휴무,,
234,샤니웨니,짬뽕,광화문역8번 출구에서113m,오늘 휴무매주 토요일 휴무매주 토요일 휴무,,
235,샤니웨니,멘보샤,광화문역8번 출구에서113m,오늘 휴무매주 토요일 휴무매주 토요일 휴무,,
236,샤니웨니,탕수육,광화문역8번 출구에서113m,오늘 휴무매주 토요일 휴무매주 토요일 휴무,,
237,홍콩익스프레스 본점,마라크림리조또,광화문역1번 출구에서55m,오늘 휴무매주 토요일 휴무매주 토요일 휴무,주차 예약 남/녀 화장실 구분,홍콩익스프레스는 홍콩이 지닌 '무국적'의 아름 다움을 요리로 표현한 식당입니다. 야시장의 네 온 간판 전성기 시대의 홍콩 영화 시끌벅...
238,홍콩익스프레스 본점,마라크림파스타,광화문역1번 출구에서55m,오늘 휴무매주 토요일 휴무매주 토요일 휴무,주차 예약 남/녀 화장실 구분,홍콩익스프레스는 홍콩이 지닌 '무국적'의 아름 다움을 요리로 표현한 식당입니다. 야시장의 네 온 간판 전성기 시대의 홍콩 영화 시끌벅...
239,홍콩익스프레스 본점,우유튀김&꽃빵,광화문역1번 출구에서55m,오늘 휴무매주 토요일 휴무매주 토요일 휴무,주차 예약 남/녀 화장실 구분,홍콩익스프레스는 홍콩이 지닌 '무국적'의 아름 다움을 요리로 표현한 식당입니다. 야시장의 네 온 간판 전성기 시대의 홍콩 영화 시끌벅...
240,홍콩익스프레스 본점,망고크림새우,광화문역1번 출구에서55m,오늘 휴무매주 토요일 휴무매주 토요일 휴무,주차 예약 남/녀 화장실 구분,홍콩익스프레스는 홍콩이 지닌 '무국적'의 아름 다움을 요리로 표현한 식당입니다. 야시장의 네 온 간판 전성기 시대의 홍콩 영화 시끌벅...
241,홍콩익스프레스 본점,탕수기,광화문역1번 출구에서55m,오늘 휴무매주 토요일 휴무매주 토요일 휴무,주차 예약 남/녀 화장실 구분,홍콩익스프레스는 홍콩이 지닌 '무국적'의 아름 다움을 요리로 표현한 식당입니다. 야시장의 네 온 간판 전성기 시대의 홍콩 영화 시끌벅...
242,홍콩익스프레스 본점,중화냉면,광화문역1번 출구에서55m,오늘 휴무매주 토요일 휴무매주 토요일 휴무,주차 예약 남/녀 화장실 구분,홍콩익스프레스는 홍콩이 지닌 '무국적'의 아름 다움을 요리로 표현한 식당입니다. 야시장의 네 온 간판 전성기 시대의 홍콩 영화 시끌벅...
243,홍콩익스프레스 본점,나시고랭볶음밥,광화문역1번 출구에서55m,오늘 휴무매주 토요일 휴무매주 토요일 휴무,주차 예약 남/녀 화장실 구분,홍콩익스프레스는 홍콩이 지닌 '무국적'의 아름 다움을 요리로 표현한 식당입니다. 야시장의 네 온 간판 전성기 시대의 홍콩 영화 시끌벅...
244,홍콩익스프레스 본점,탄탄면,광화문역1번 출구에서55m,오늘 휴무매주 토요일 휴무매주 토요일 휴무,주차 예약 남/녀 화장실 구분,홍콩익스프레스는 홍콩이 지닌 '무국적'의 아름 다움을 요리로 표현한 식당입니다. 야시장의 네 온 간판 전성기 시대의 홍콩 영화 시끌벅...
245,차이(Chai)797 광화문점,전남 무안 양파 삼선짜장면,광화문역1번 출구에서118m,영업 종료12:00에 영업 시작12시 0분에 영업 시작,단체 이용 가능 주차 포장 예약,세련되고 감각적인 공간 재료 본연의 풍미를 살린 건강한 중식과 수제딤섬 Chinese Cuisine Chai797
246,차이(Chai)797 광화문점,게살스프 볶음밥,광화문역1번 출구에서118m,영업 종료12:00에 영업 시작12시 0분에 영업 시작,단체 이용 가능 주차 포장 예약,세련되고 감각적인 공간 재료 본연의 풍미를 살린 건강한 중식과 수제딤섬 Chinese Cuisine Chai797
247,차이(Chai)797 광화문점,무슈포크 (돼지고기 야채 밀전병쌈),광화문역1번 출구에서118m,영업 종료12:00에 영업 시작12시 0분에 영업 시작,단체 이용 가능 주차 포장 예약,세련되고 감각적인 공간 재료 본연의 풍미를 살린 건강한 중식과 수제딤섬 Chinese Cuisine Chai797
248,차이(Chai)797 광화문점,24시간 숙성 탕수육,광화문역1번 출구에서118m,영업 종료12:00에 영업 시작12시 0분에 영업 시작,단체 이용 가능 주차 포장 예약,세련되고 감각적인 공간 재료 본연의 풍미를 살린 건강한 중식과 수제딤섬 Chinese Cuisine Chai797
249,차이(Chai)797 광화문점,황금비율 마늘볶음밥,광화문역1번 출구에서118m,영업 종료12:00에 영업 시작12시 0분에 영업 시작,단체 이용 가능 주차 포장 예약,세련되고 감각적인 공간 재료 본연의 풍미를 살린 건강한 중식과 수제딤섬 Chinese Cuisine Chai797
250,차이(Chai)797 광화문점,소롱포 4p,광화문역1번 출구에서118m,영업 종료12:00에 영업 시작12시 0분에 영업 시작,단체 이용 가능 주차 포장 예약,세련되고 감각적인 공간 재료 본연의 풍미를 살린 건강한 중식과 수제딤섬 Chinese Cuisine Chai797
251,차이(Chai)797 광화문점,쯔란오징어튀김,광화문역1번 출구에서118m,영업 종료12:00에 영업 시작12시 0분에 영업 시작,단체 이용 가능 주차 포장 예약,세련되고 감각적인 공간 재료 본연의 풍미를 살린 건강한 중식과 수제딤섬 Chinese Cuisine Chai797
252,차이(Chai)797 광화문점,남자짜장,광화문역1번 출구에서118m,영업 종료12:00에 영업 시작12시 0분에 영업 시작,단체 이용 가능 주차 포장 예약,세련되고 감각적인 공간 재료 본연의 풍미를 살린 건강한 중식과 수제딤섬 Chinese Cuisine Chai797
253,진공푸,차돌짬뽕밥,혜화역4번 출구에서739m,영업 종료내일 휴무내일 휴무,단체 이용 가능 주차 포장 배달 예약 무선 인터넷,저희 진공푸 대표메뉴는 차돌짬뽕 차돌덮밥 유린기 정식메뉴는 3가지 차돌정식 중화정식 쟁반정식 입니다. *주문 즉시 조리를 시작하기 때문에 다소시간이 걸리는점 양해 부탁드립니다* 저희 차돌짬뽕에 들어가는 육수는 오랜시간 육수를 만들기 때문에 걸죽한 맛이 일품인 육수 입니다. 면이 없는 중식당을 다소 이해하시기 어려우실수도 있지만 맛의 일정함을 위하여 과감히 면이없는 식당으로 최대한의 맛을 위하여 항상 노력하는 중식당이 되겠습니다.
254,진공푸,차돌덮밥,혜화역4번 출구에서739m,영업 종료내일 휴무내일 휴무,단체 이용 가능 주차 포장 배달 예약 무선 인터넷,저희 진공푸 대표메뉴는 차돌짬뽕 차돌덮밥 유린기 정식메뉴는 3가지 차돌정식 중화정식 쟁반정식 입니다. *주문 즉시 조리를 시작하기 때문에 다소시간이 걸리는점 양해 부탁드립니다* 저희 차돌짬뽕에 들어가는 육수는 오랜시간 육수를 만들기 때문에 걸죽한 맛이 일품인 육수 입니다. 면이 없는 중식당을 다소 이해하시기 어려우실수도 있지만 맛의 일정함을 위하여 과감히 면이없는 식당으로 최대한의 맛을 위하여 항상 노력하는 중식당이 되겠습니다.
255,진공푸,쟁반짜장밥,혜화역4번 출구에서739m,영업 종료내일 휴무내일 휴무,단체 이용 가능 주차 포장 배달 예약 무선 인터넷,저희 진공푸 대표메뉴는 차돌짬뽕 차돌덮밥 유린기 정식메뉴는 3가지 차돌정식 중화정식 쟁반정식 입니다. *주문 즉시 조리를 시작하기 때문에 다소시간이 걸리는점 양해 부탁드립니다* 저희 차돌짬뽕에 들어가는 육수는 오랜시간 육수를 만들기 때문에 걸죽한 맛이 일품인 육수 입니다. 면이 없는 중식당을 다소 이해하시기 어려우실수도 있지만 맛의 일정함을 위하여 과감히 면이없는 식당으로 최대한의 맛을 위하여 항상 노력하는 중식당이 되겠습니다.
256,진공푸,중화비빔밥정식,혜화역4번 출구에서739m,영업 종료내일 휴무내일 휴무,단체 이용 가능 주차 포장 배달 예약 무선 인터넷,저희 진공푸 대표메뉴는 차돌짬뽕 차돌덮밥 유린기 정식메뉴는 3가지 차돌정식 중화정식 쟁반정식 입니다. *주문 즉시 조리를 시작하기 때문에 다소시간이 걸리는점 양해 부탁드립니다* 저희 차돌짬뽕에 들어가는 육수는 오랜시간 육수를 만들기 때문에 걸죽한 맛이 일품인 육수 입니다. 면이 없는 중식당을 다소 이해하시기 어려우실수도 있지만 맛의 일정함을 위하여 과감히 면이없는 식당으로 최대한의 맛을 위하여 항상 노력하는 중식당이 되겠습니다.
257,진공푸,해물짬뽕밥,혜화역4번 출구에서739m,영업 종료내일 휴무내일 휴무,단체 이용 가능 주차 포장 배달 예약 무선 인터넷,저희 진공푸 대표메뉴는 차돌짬뽕 차돌덮밥 유린기 정식메뉴는 3가지 차돌정식 중화정식 쟁반정식 입니다. *주문 즉시 조리를 시작하기 때문에 다소시간이 걸리는점 양해 부탁드립니다* 저희 차돌짬뽕에 들어가는 육수는 오랜시간 육수를 만들기 때문에 걸죽한 맛이 일품인 육수 입니다. 면이 없는 중식당을 다소 이해하시기 어려우실수도 있지만 맛의 일정함을 위하여 과감히 면이없는 식당으로 최대한의 맛을 위하여 항상 노력하는 중식당이 되겠습니다.
258,진공푸,중화비빔밥,혜화역4번 출구에서739m,영업 종료내일 휴무내일 휴무,단체 이용 가능 주차 포장 배달 예약 무선 인터넷,저희 진공푸 대표메뉴는 차돌짬뽕 차돌덮밥 유린기 정식메뉴는 3가지 차돌정식 중화정식 쟁반정식 입니다. *주문 즉시 조리를 시작하기 때문에 다소시간이 걸리는점 양해 부탁드립니다* 저희 차돌짬뽕에 들어가는 육수는 오랜시간 육수를 만들기 때문에 걸죽한 맛이 일품인 육수 입니다. 면이 없는 중식당을 다소 이해하시기 어려우실수도 있지만 맛의 일정함을 위하여 과감히 면이없는 식당으로 최대한의 맛을 위하여 항상 노력하는 중식당이 되겠습니다.
259,진공푸,차돌짬뽕정식,혜화역4번 출구에서739m,영업 종료내일 휴무내일 휴무,단체 이용 가능 주차 포장 배달 예약 무선 인터넷,저희 진공푸 대표메뉴는 차돌짬뽕 차돌덮밥 유린기 정식메뉴는 3가지 차돌정식 중화정식 쟁반정식 입니다. *주문 즉시 조리를 시작하기 때문에 다소시간이 걸리는점 양해 부탁드립니다* 저희 차돌짬뽕에 들어가는 육수는 오랜시간 육수를 만들기 때문에 걸죽한 맛이 일품인 육수 입니다. 면이 없는 중식당을 다소 이해하시기 어려우실수도 있지만 맛의 일정함을 위하여 과감히 면이없는 식당으로 최대한의 맛을 위하여 항상 노력하는 중식당이 되겠습니다.
260,진공푸,쟁반짜장정식,혜화역4번 출구에서739m,영업 종료내일 휴무내일 휴무,단체 이용 가능 주차 포장 배달 예약 무선 인터넷,저희 진공푸 대표메뉴는 차돌짬뽕 차돌덮밥 유린기 정식메뉴는 3가지 차돌정식 중화정식 쟁반정식 입니다. *주문 즉시 조리를 시작하기 때문에 다소시간이 걸리는점 양해 부탁드립니다* 저희 차돌짬뽕에 들어가는 육수는 오랜시간 육수를 만들기 때문에 걸죽한 맛이 일품인 육수 입니다. 면이 없는 중식당을 다소 이해하시기 어려우실수도 있지만 맛의 일정함을 위하여 과감히 면이없는 식당으로 최대한의 맛을 위하여 항상 노력하는 중식당이 되겠습니다.
261,백미향마라탕 명륜점,new셀프마라탕(숙주),혜화역4번 출구에서888m,영업 종료10:00에 영업 시작10시 0분에 영업 시작,단체 이용 가능 포장 배달,백미향 마라탕 명륜점입니다.
262,백미향마라탕 명륜점,주문폭주마라탕 (麻辣?)(소),혜화역4번 출구에서888m,영업 종료10:00에 영업 시작10시 0분에 영업 시작,단체 이용 가능 포장 배달,백미향 마라탕 명륜점입니다.
263,백미향마라탕 명륜점,주문폭주마라탕 (麻辣?)(중),혜화역4번 출구에서888m,영업 종료10:00에 영업 시작10시 0분에 영업 시작,단체 이용 가능 포장 배달,백미향 마라탕 명륜점입니다.
264,백미향마라탕 명륜점,주문폭주마라탕 (麻辣?)(대),혜화역4번 출구에서888m,영업 종료10:00에 영업 시작10시 0분에 영업 시작,단체 이용 가능 포장 배달,백미향 마라탕 명륜점입니다.
265,백미향마라탕 명륜점,쉐프추천마라샹궈 (麻辣香?)(소),혜화역4번 출구에서888m,영업 종료10:00에 영업 시작10시 0분에 영업 시작,단체 이용 가능 포장 배달,백미향 마라탕 명륜점입니다.
266,백미향마라탕 명륜점,새우볶음밥 (?仁炒?),혜화역4번 출구에서888m,영업 종료10:00에 영업 시작10시 0분에 영업 시작,단체 이용 가능 포장 배달,백미향 마라탕 명륜점입니다.
267,백미향마라탕 명륜점,계란볶음밥,혜화역4번 출구에서888m,영업 종료10:00에 영업 시작10시 0분에 영업 시작,단체 이용 가능 포장 배달,백미향 마라탕 명륜점입니다.
268,백미향마라탕 명륜점,부추고기물만두 (?菜?子),혜화역4번 출구에서888m,영업 종료10:00에 영업 시작10시 0분에 영업 시작,단체 이용 가능 포장 배달,백미향 마라탕 명륜점입니다.
269,백미향마라탕 명륜점,샐러드고기물만두 (芹菜?子),혜화역4번 출구에서888m,영업 종료10:00에 영업 시작10시 0분에 영업 시작,단체 이용 가능 포장 배달,백미향 마라탕 명륜점입니다.
270,백미향마라탕 명륜점,배추고기물만두  (白菜?子),혜화역4번 출구에서888m,영업 종료10:00에 영업 시작10시 0분에 영업 시작,단체 이용 가능 포장 배달,백미향 마라탕 명륜점입니다.
271,백미향마라탕 명륜점,콜라(355ml),혜화역4번 출구에서888m,영업 종료10:00에 영업 시작10시 0분에 영업 시작,단체 이용 가능 포장 배달,백미향 마라탕 명륜점입니다.
272,백미향마라탕 명륜점,사이다(355ml),혜화역4번 출구에서888m,영업 종료10:00에 영업 시작10시 0분에 영업 시작,단체 이용 가능 포장 배달,백미향 마라탕 명륜점입니다.
273,백미향마라탕 명륜점,펩시(355ml),혜화역4번 출구에서888m,영업 종료10:00에 영업 시작10시 0분에 영업 시작,단체 이용 가능 포장 배달,백미향 마라탕 명륜점입니다.
274,백미향마라탕 명륜점,펩시 제로(355ml),혜화역4번 출구에서888m,영업 종료10:00에 영업 시작10시 0분에 영업 시작,단체 이용 가능 포장 배달,백미향 마라탕 명륜점입니다.
275,백미향마라탕 명륜점,밀키스(355ml),혜화역4번 출구에서888m,영업 종료10:00에 영업 시작10시 0분에 영업 시작,단체 이용 가능 포장 배달,백미향 마라탕 명륜점입니다.
276,청킹마마,양고기 차우펀,종각역4번 출구에서128m,영업 중2층 22:00에 라스트오더,단체 이용 가능,홍콩의 낮과 밤을 담은 하이브리드 차이니즈 레스토랑입니다. <2F 홍콩의 낮> 런치에는 차와 함께 간단한 식사를 디너에는 술과 곁들여 먹을 요리를 팝니다. <3F 홍콩의 밤> 올데이 훠궈(한우/양고기)와 마라샹궈를 팝니다. ※ 영업시간은 유동적으로 운영됩니다.
277,청킹마마,찌엔용 유린기,종각역4번 출구에서128m,영업 중2층 22:00에 라스트오더,단체 이용 가능,홍콩의 낮과 밤을 담은 하이브리드 차이니즈 레스토랑입니다. <2F 홍콩의 낮> 런치에는 차와 함께 간단한 식사를 디너에는 술과 곁들여 먹을 요리를 팝니다. <3F 홍콩의 밤> 올데이 훠궈(한우/양고기)와 마라샹궈를 팝니다. ※ 영업시간은 유동적으로 운영됩니다.
278,청킹마마,청킹 양지 우육면 (백탕),종각역4번 출구에서128m,영업 중2층 22:00에 라스트오더,단체 이용 가능,홍콩의 낮과 밤을 담은 하이브리드 차이니즈 레스토랑입니다. <2F 홍콩의 낮> 런치에는 차와 함께 간단한 식사를 디너에는 술과 곁들여 먹을 요리를 팝니다. <3F 홍콩의 밤> 올데이 훠궈(한우/양고기)와 마라샹궈를 팝니다. ※ 영업시간은 유동적으로 운영됩니다.
279,청킹마마,침사추이 토마토탕면,종각역4번 출구에서128m,영업 중2층 22:00에 라스트오더,단체 이용 가능,홍콩의 낮과 밤을 담은 하이브리드 차이니즈 레스토랑입니다. <2F 홍콩의 낮> 런치에는 차와 함께 간단한 식사를 디너에는 술과 곁들여 먹을 요리를 팝니다. <3F 홍콩의 밤> 올데이 훠궈(한우/양고기)와 마라샹궈를 팝니다. ※ 영업시간은 유동적으로 운영됩니다.
280,청킹마마,쯔란 양고기 볶음,종각역4번 출구에서128m,영업 중2층 22:00에 라스트오더,단체 이용 가능,홍콩의 낮과 밤을 담은 하이브리드 차이니즈 레스토랑입니다. <2F 홍콩의 낮> 런치에는 차와 함께 간단한 식사를 디너에는 술과 곁들여 먹을 요리를 팝니다. <3F 홍콩의 밤> 올데이 훠궈(한우/양고기)와 마라샹궈를 팝니다. ※ 영업시간은 유동적으로 운영됩니다.
281,청킹마마,충칭 663 볶음밥,종각역4번 출구에서128m,영업 중2층 22:00에 라스트오더,단체 이용 가능,홍콩의 낮과 밤을 담은 하이브리드 차이니즈 레스토랑입니다. <2F 홍콩의 낮> 런치에는 차와 함께 간단한 식사를 디너에는 술과 곁들여 먹을 요리를 팝니다. <3F 홍콩의 밤> 올데이 훠궈(한우/양고기)와 마라샹궈를 팝니다. ※ 영업시간은 유동적으로 운영됩니다.
282,도성,1. 탕수육+짜장2or짬뽕2,경복궁역2번 출구에서297m,영업 종료11:00에 영업 시작11시 0분에 영업 시작,단체 이용 가능 주차 배달 예약,
283,도성,2. 탕수육+쟁반짜장2인or볶음짬뽕2인,경복궁역2번 출구에서297m,영업 종료11:00에 영업 시작11시 0분에 영업 시작,단체 이용 가능 주차 배달 예약,
284,도성,3. 양장피+쟁반짜장2인,경복궁역2번 출구에서297m,영업 종료11:00에 영업 시작11시 0분에 영업 시작,단체 이용 가능 주차 배달 예약,
285,도성,4. 깐풍기+쟁반짜장2인,경복궁역2번 출구에서297m,영업 종료11:00에 영업 시작11시 0분에 영업 시작,단체 이용 가능 주차 배달 예약,
286,도성,5. 고추잡채+짜장2or짬뽕2,경복궁역2번 출구에서297m,영업 종료11:00에 영업 시작11시 0분에 영업 시작,단체 이용 가능 주차 배달 예약,
287,도성,1. 탕수육+짜장or짬뽕,경복궁역2번 출구에서297m,영업 종료11:00에 영업 시작11시 0분에 영업 시작,단체 이용 가능 주차 배달 예약,
288,도성,2. 탕수육+삼선간짜장or삼선짬뽕,경복궁역2번 출구에서297m,영업 종료11:00에 영업 시작11시 0분에 영업 시작,단체 이용 가능 주차 배달 예약,
289,도성,짜장면,경복궁역2번 출구에서297m,영업 종료11:00에 영업 시작11시 0분에 영업 시작,단체 이용 가능 주차 배달 예약,
290,도성,짬뽕,경복궁역2번 출구에서297m,영업 종료11:00에 영업 시작11시 0분에 영업 시작,단체 이용 가능 주차 배달 예약,
291,도성,간짜장,경복궁역2번 출구에서297m,영업 종료11:00에 영업 시작11시 0분에 영업 시작,단체 이용 가능 주차 배달 예약,
292,도성,삼선간짜장,경복궁역2번 출구에서297m,영업 종료11:00에 영업 시작11시 0분에 영업 시작,단체 이용 가능 주차 배달 예약,
293,도성,매운쟁반짜장(1인),경복궁역2번 출구에서297m,영업 종료11:00에 영업 시작11시 0분에 영업 시작,단체 이용 가능 주차 배달 예약,
294,도성,볶음밥,경복궁역2번 출구에서297m,영업 종료11:00에 영업 시작11시 0분에 영업 시작,단체 이용 가능 주차 배달 예약,
295,도성,짜장밥,경복궁역2번 출구에서297m,영업 종료11:00에 영업 시작11시 0분에 영업 시작,단체 이용 가능 주차 배달 예약,
296,도성,짬뽕밥,경복궁역2번 출구에서297m,영업 종료11:00에 영업 시작11시 0분에 영업 시작,단체 이용 가능 주차 배달 예약,
297,도성,잡채밥,경복궁역2번 출구에서297m,영업 종료11:00에 영업 시작11시 0분에 영업 시작,단체 이용 가능 주차 배달 예약,
298,도성,마파두부밥,경복궁역2번 출구에서297m,영업 종료11:00에 영업 시작11시 0분에 영업 시작,단체 이용 가능 주차 배달 예약,
299,도성,짬짜면,경복궁역2번 출구에서297m,영업 종료11:00에 영업 시작11시 0분에 영업 시작,단체 이용 가능 주차 배달 예약,
300,도성,볶짜면,경복궁역2번 출구에서297m,영업 종료11:00에 영업 시작11시 0분에 영업 시작,단체 이용 가능 주차 배달 예약,
301,도성,볶짬면,경복궁역2번 출구에서297m,영업 종료11:00에 영업 시작11시 0분에 영업 시작,단체 이용 가능 주차 배달 예약,
302,도성,탕짜면,경복궁역2번 출구에서297m,영업 종료11:00에 영업 시작11시 0분에 영업 시작,단체 이용 가능 주차 배달 예약,
303,도성,탕짬면,경복궁역2번 출구에서297m,영업 종료11:00에 영업 시작11시 0분에 영업 시작,단체 이용 가능 주차 배달 예약,
304,도성,탕수육(小),경복궁역2번 출구에서297m,영업 종료11:00에 영업 시작11시 0분에 영업 시작,단체 이용 가능 주차 배달 예약,
305,도성,탕수육(中),경복궁역2번 출구에서297m,영업 종료11:00에 영업 시작11시 0분에 영업 시작,단체 이용 가능 주차 배달 예약,
306,도성,탕수육(大),경복궁역2번 출구에서297m,영업 종료11:00에 영업 시작11시 0분에 영업 시작,단체 이용 가능 주차 배달 예약,
307,도성,찹쌀탕수육(꿔버로우)(小),경복궁역2번 출구에서297m,영업 종료11:00에 영업 시작11시 0분에 영업 시작,단체 이용 가능 주차 배달 예약,
308,도성,찹쌀탕수육(꿔버로우)(中),경복궁역2번 출구에서297m,영업 종료11:00에 영업 시작11시 0분에 영업 시작,단체 이용 가능 주차 배달 예약,
309,도성,양장피,경복궁역2번 출구에서297m,영업 종료11:00에 영업 시작11시 0분에 영업 시작,단체 이용 가능 주차 배달 예약,
310,도성,팔보채,경복궁역2번 출구에서297m,영업 종료11:00에 영업 시작11시 0분에 영업 시작,단체 이용 가능 주차 배달 예약,
311,도성,유산슬,경복궁역2번 출구에서297m,영업 종료11:00에 영업 시작11시 0분에 영업 시작,단체 이용 가능 주차 배달 예약,
312,도성,고추잡채,경복궁역2번 출구에서297m,영업 종료11:00에 영업 시작11시 0분에 영업 시작,단체 이용 가능 주차 배달 예약,
313,도성,깐풍동구,경복궁역2번 출구에서297m,영업 종료11:00에 영업 시작11시 0분에 영업 시작,단체 이용 가능 주차 배달 예약,
314,도성,깐풍기,경복궁역2번 출구에서297m,영업 종료11:00에 영업 시작11시 0분에 영업 시작,단체 이용 가능 주차 배달 예약,
315,도성,라조기,경복궁역2번 출구에서297m,영업 종료11:00에 영업 시작11시 0분에 영업 시작,단체 이용 가능 주차 배달 예약,
316,도성,유린기,경복궁역2번 출구에서297m,영업 종료11:00에 영업 시작11시 0분에 영업 시작,단체 이용 가능 주차 배달 예약,
317,도성,깐쇼새우,경복궁역2번 출구에서297m,영업 종료11:00에 영업 시작11시 0분에 영업 시작,단체 이용 가능 주차 배달 예약,
318,도성,깐풍새우,경복궁역2번 출구에서297m,영업 종료11:00에 영업 시작11시 0분에 영업 시작,단체 이용 가능 주차 배달 예약,
319,도성,오향장육,경복궁역2번 출구에서297m,영업 종료11:00에 영업 시작11시 0분에 영업 시작,단체 이용 가능 주차 배달 예약,
320,도성,해파리냉채,경복궁역2번 출구에서297m,영업 종료11:00에 영업 시작11시 0분에 영업 시작,단체 이용 가능 주차 배달 예약,
321,도성,잡채,경복궁역2번 출구에서297m,영업 종료11:00에 영업 시작11시 0분에 영업 시작,단체 이용 가능 주차 배달 예약,
322,도성,마파두부,경복궁역2번 출구에서297m,영업 종료11:00에 영업 시작11시 0분에 영업 시작,단체 이용 가능 주차 배달 예약,
323,도성,해물짬뽕탕,경복궁역2번 출구에서297m,영업 종료11:00에 영업 시작11시 0분에 영업 시작,단체 이용 가능 주차 배달 예약,
324,도성,월요일 잡채밥,경복궁역2번 출구에서297m,영업 종료11:00에 영업 시작11시 0분에 영업 시작,단체 이용 가능 주차 배달 예약,
325,도성,화요일 마파두부밥,경복궁역2번 출구에서297m,영업 종료11:00에 영업 시작11시 0분에 영업 시작,단체 이용 가능 주차 배달 예약,
326,도성,수요일 송이덮밥,경복궁역2번 출구에서297m,영업 종료11:00에 영업 시작11시 0분에 영업 시작,단체 이용 가능 주차 배달 예약,
327,도성,목요일 새우볶음밥,경복궁역2번 출구에서297m,영업 종료11:00에 영업 시작11시 0분에 영업 시작,단체 이용 가능 주차 배달 예약,
328,도성,금요일 도성특밥,경복궁역2번 출구에서297m,영업 종료11:00에 영업 시작11시 0분에 영업 시작,단체 이용 가능 주차 배달 예약,
329,도성,냉짬뽕,경복궁역2번 출구에서297m,영업 종료11:00에 영업 시작11시 0분에 영업 시작,단체 이용 가능 주차 배달 예약,
330,도성,중국냉면,경복궁역2번 출구에서297m,영업 종료11:00에 영업 시작11시 0분에 영업 시작,단체 이용 가능 주차 배달 예약,
331,도성,물냉면,경복궁역2번 출구에서297m,영업 종료11:00에 영업 시작11시 0분에 영업 시작,단체 이용 가능 주차 배달 예약,
332,도성,비빔냉면,경복궁역2번 출구에서297m,영업 종료11:00에 영업 시작11시 0분에 영업 시작,단체 이용 가능 주차 배달 예약,
333,도성,콩국수,경복궁역2번 출구에서297m,영업 종료11:00에 영업 시작11시 0분에 영업 시작,단체 이용 가능 주차 배달 예약,
334,도성,콜라(355ml),경복궁역2번 출구에서297m,영업 종료11:00에 영업 시작11시 0분에 영업 시작,단체 이용 가능 주차 배달 예약,
335,도성,사이다(355ml),경복궁역2번 출구에서297m,영업 종료11:00에 영업 시작11시 0분에 영업 시작,단체 이용 가능 주차 배달 예약,
336,도성,공기밥,경복궁역2번 출구에서297m,영업 종료11:00에 영업 시작11시 0분에 영업 시작,단체 이용 가능 주차 배달 예약,
337,영화루,짜장면,경복궁역2번 출구에서600m,영업 종료11:00에 영업 시작11시 0분에 영업 시작,배달,
338,영화루,짬뽕,경복궁역2번 출구에서600m,영업 종료11:00에 영업 시작11시 0분에 영업 시작,배달,
339,영화루,우동,경복궁역2번 출구에서600m,영업 종료11:00에 영업 시작11시 0분에 영업 시작,배달,
340,영화루,고추간짜장,경복궁역2번 출구에서600m,영업 종료11:00에 영업 시작11시 0분에 영업 시작,배달,
341,영화루,간짜장,경복궁역2번 출구에서600m,영업 종료11:00에 영업 시작11시 0분에 영업 시작,배달,
342,영화루,쟁반짜장,경복궁역2번 출구에서600m,영업 종료11:00에 영업 시작11시 0분에 영업 시작,배달,
343,영화루,삼선짜장,경복궁역2번 출구에서600m,영업 종료11:00에 영업 시작11시 0분에 영업 시작,배달,
344,영화루,삼선울면,경복궁역2번 출구에서600m,영업 종료11:00에 영업 시작11시 0분에 영업 시작,배달,
345,영화루,삼선간짜장,경복궁역2번 출구에서600m,영업 종료11:00에 영업 시작11시 0분에 영업 시작,배달,
346,영화루,삼선쟁반짜장,경복궁역2번 출구에서600m,영업 종료11:00에 영업 시작11시 0분에 영업 시작,배달,
347,영화루,삼선우동,경복궁역2번 출구에서600m,영업 종료11:00에 영업 시작11시 0분에 영업 시작,배달,
348,영화루,삼선짬봉,경복궁역2번 출구에서600m,영업 종료11:00에 영업 시작11시 0분에 영업 시작,배달,
349,영화루,고추짬봉,경복궁역2번 출구에서600m,영업 종료11:00에 영업 시작11시 0분에 영업 시작,배달,
350,ERROR,영화루,,,,
351,취천루,고기/교자/해물 만두,경복궁역2번 출구에서266m,영업 종료11:30에 영업 시작11시 30분에 영업 시작,포장 배달 예약 무선 인터넷 반려동물 동반 장애인 편의시설,명동에서 만두 맛집으로 70년 오랜 명성을 가진 취천루가 서촌에 새롭게 오픈했습니다. 본연의 재료 맛을 살린 교자만두와 고소한 맛이 ...
352,취천루,가지튀김,경복궁역2번 출구에서266m,영업 종료11:30에 영업 시작11시 30분에 영업 시작,포장 배달 예약 무선 인터넷 반려동물 동반 장애인 편의시설,명동에서 만두 맛집으로 70년 오랜 명성을 가진 취천루가 서촌에 새롭게 오픈했습니다. 본연의 재료 맛을 살린 교자만두와 고소한 맛이 ...
353,취천루,물/군 만두,경복궁역2번 출구에서266m,영업 종료11:30에 영업 시작11시 30분에 영업 시작,포장 배달 예약 무선 인터넷 반려동물 동반 장애인 편의시설,명동에서 만두 맛집으로 70년 오랜 명성을 가진 취천루가 서촌에 새롭게 오픈했습니다. 본연의 재료 맛을 살린 교자만두와 고소한 맛이 ...
354,취천루,유니짜장,경복궁역2번 출구에서266m,영업 종료11:30에 영업 시작11시 30분에 영업 시작,포장 배달 예약 무선 인터넷 반려동물 동반 장애인 편의시설,명동에서 만두 맛집으로 70년 오랜 명성을 가진 취천루가 서촌에 새롭게 오픈했습니다. 본연의 재료 맛을 살린 교자만두와 고소한 맛이 ...
355,취천루,짬뽕,경복궁역2번 출구에서266m,영업 종료11:30에 영업 시작11시 30분에 영업 시작,포장 배달 예약 무선 인터넷 반려동물 동반 장애인 편의시설,명동에서 만두 맛집으로 70년 오랜 명성을 가진 취천루가 서촌에 새롭게 오픈했습니다. 본연의 재료 맛을 살린 교자만두와 고소한 맛이 ...
356,취천루,짬뽕밥,경복궁역2번 출구에서266m,영업 종료11:30에 영업 시작11시 30분에 영업 시작,포장 배달 예약 무선 인터넷 반려동물 동반 장애인 편의시설,명동에서 만두 맛집으로 70년 오랜 명성을 가진 취천루가 서촌에 새롭게 오픈했습니다. 본연의 재료 맛을 살린 교자만두와 고소한 맛이 ...
357,취천루,게살볶음밥,경복궁역2번 출구에서266m,영업 종료11:30에 영업 시작11시 30분에 영업 시작,포장 배달 예약 무선 인터넷 반려동물 동반 장애인 편의시설,명동에서 만두 맛집으로 70년 오랜 명성을 가진 취천루가 서촌에 새롭게 오픈했습니다. 본연의 재료 맛을 살린 교자만두와 고소한 맛이 ...
358,취천루,새우볶음밥,경복궁역2번 출구에서266m,영업 종료11:30에 영업 시작11시 30분에 영업 시작,포장 배달 예약 무선 인터넷 반려동물 동반 장애인 편의시설,명동에서 만두 맛집으로 70년 오랜 명성을 가진 취천루가 서촌에 새롭게 오픈했습니다. 본연의 재료 맛을 살린 교자만두와 고소한 맛이 ...
359,취천루,마파두부밥,경복궁역2번 출구에서266m,영업 종료11:30에 영업 시작11시 30분에 영업 시작,포장 배달 예약 무선 인터넷 반려동물 동반 장애인 편의시설,명동에서 만두 맛집으로 70년 오랜 명성을 가진 취천루가 서촌에 새롭게 오픈했습니다. 본연의 재료 맛을 살린 교자만두와 고소한 맛이 ...
360,취천루,오향장육(대),경복궁역2번 출구에서266m,영업 종료11:30에 영업 시작11시 30분에 영업 시작,포장 배달 예약 무선 인터넷 반려동물 동반 장애인 편의시설,명동에서 만두 맛집으로 70년 오랜 명성을 가진 취천루가 서촌에 새롭게 오픈했습니다. 본연의 재료 맛을 살린 교자만두와 고소한 맛이 ...
361,취천루,탕수육(대),경복궁역2번 출구에서266m,영업 종료11:30에 영업 시작11시 30분에 영업 시작,포장 배달 예약 무선 인터넷 반려동물 동반 장애인 편의시설,명동에서 만두 맛집으로 70년 오랜 명성을 가진 취천루가 서촌에 새롭게 오픈했습니다. 본연의 재료 맛을 살린 교자만두와 고소한 맛이 ...
362,취천루,사천소고기탕수육(대),경복궁역2번 출구에서266m,영업 종료11:30에 영업 시작11시 30분에 영업 시작,포장 배달 예약 무선 인터넷 반려동물 동반 장애인 편의시설,명동에서 만두 맛집으로 70년 오랜 명성을 가진 취천루가 서촌에 새롭게 오픈했습니다. 본연의 재료 맛을 살린 교자만두와 고소한 맛이 ...
363,취천루,칠리새우(대),경복궁역2번 출구에서266m,영업 종료11:30에 영업 시작11시 30분에 영업 시작,포장 배달 예약 무선 인터넷 반려동물 동반 장애인 편의시설,명동에서 만두 맛집으로 70년 오랜 명성을 가진 취천루가 서촌에 새롭게 오픈했습니다. 본연의 재료 맛을 살린 교자만두와 고소한 맛이 ...
364,취천루,크림새우(대),경복궁역2번 출구에서266m,영업 종료11:30에 영업 시작11시 30분에 영업 시작,포장 배달 예약 무선 인터넷 반려동물 동반 장애인 편의시설,명동에서 만두 맛집으로 70년 오랜 명성을 가진 취천루가 서촌에 새롭게 오픈했습니다. 본연의 재료 맛을 살린 교자만두와 고소한 맛이 ...
365,취천루,깐풍기(대),경복궁역2번 출구에서266m,영업 종료11:30에 영업 시작11시 30분에 영업 시작,포장 배달 예약 무선 인터넷 반려동물 동반 장애인 편의시설,명동에서 만두 맛집으로 70년 오랜 명성을 가진 취천루가 서촌에 새롭게 오픈했습니다. 본연의 재료 맛을 살린 교자만두와 고소한 맛이 ...
366,하오리,광동오리 한마리 (廣式燒鴨 一隻),종각역1번 출구에서236m,영업 종료내일 휴무내일 휴무,단체 이용 가능 주차 포장 예약 무선 인터넷 남/녀 화장실 구분,하오리 씨우메이 전문점 씨우메이는 광동요리 일 종으로 화덕에 고기를 굽는 바베큐를 일컫는 말 입니다. 그중 오리를 화덕에 굽는 씨우압...
367,하오리,광동오리 반마리 (廣式燒鴨半隻),종각역1번 출구에서236m,영업 종료내일 휴무내일 휴무,단체 이용 가능 주차 포장 예약 무선 인터넷 남/녀 화장실 구분,하오리 씨우메이 전문점 씨우메이는 광동요리 일 종으로 화덕에 고기를 굽는 바베큐를 일컫는 말 입니다. 그중 오리를 화덕에 굽는 씨우압...
368,하오리,씨우메이플레터(대) 燒味?盤(大),종각역1번 출구에서236m,영업 종료내일 휴무내일 휴무,단체 이용 가능 주차 포장 예약 무선 인터넷 남/녀 화장실 구분,하오리 씨우메이 전문점 씨우메이는 광동요리 일 종으로 화덕에 고기를 굽는 바베큐를 일컫는 말 입니다. 그중 오리를 화덕에 굽는 씨우압...
369,하오리,씨우메이플레터(소) 燒味?盤(小),종각역1번 출구에서236m,영업 종료내일 휴무내일 휴무,단체 이용 가능 주차 포장 예약 무선 인터넷 남/녀 화장실 구분,하오리 씨우메이 전문점 씨우메이는 광동요리 일 종으로 화덕에 고기를 굽는 바베큐를 일컫는 말 입니다. 그중 오리를 화덕에 굽는 씨우압...
370,하오리,XO장 모닝글로리볶음(XO醬炒空心菜),종각역1번 출구에서236m,영업 종료내일 휴무내일 휴무,단체 이용 가능 주차 포장 예약 무선 인터넷 남/녀 화장실 구분,하오리 씨우메이 전문점 씨우메이는 광동요리 일 종으로 화덕에 고기를 굽는 바베큐를 일컫는 말 입니다. 그중 오리를 화덕에 굽는 씨우압...
371,하오리,양저우볶음밥(揚州炒飯),종각역1번 출구에서236m,영업 종료내일 휴무내일 휴무,단체 이용 가능 주차 포장 예약 무선 인터넷 남/녀 화장실 구분,하오리 씨우메이 전문점 씨우메이는 광동요리 일 종으로 화덕에 고기를 굽는 바베큐를 일컫는 말 입니다. 그중 오리를 화덕에 굽는 씨우압...
372,하오리,구수계(口水?),종각역1번 출구에서236m,영업 종료내일 휴무내일 휴무,단체 이용 가능 주차 포장 예약 무선 인터넷 남/녀 화장실 구분,하오리 씨우메이 전문점 씨우메이는 광동요리 일 종으로 화덕에 고기를 굽는 바베큐를 일컫는 말 입니다. 그중 오리를 화덕에 굽는 씨우압...
373,하오리,화단차씨우(滑蛋叉燒),종각역1번 출구에서236m,영업 종료내일 휴무내일 휴무,단체 이용 가능 주차 포장 예약 무선 인터넷 남/녀 화장실 구분,하오리 씨우메이 전문점 씨우메이는 광동요리 일 종으로 화덕에 고기를 굽는 바베큐를 일컫는 말 입니다. 그중 오리를 화덕에 굽는 씨우압...
374,하오리,시그니처 씨우압 라이스 (廣式?鴨),종각역1번 출구에서236m,영업 종료내일 휴무내일 휴무,단체 이용 가능 주차 포장 예약 무선 인터넷 남/녀 화장실 구분,하오리 씨우메이 전문점 씨우메이는 광동요리 일 종으로 화덕에 고기를 굽는 바베큐를 일컫는 말 입니다. 그중 오리를 화덕에 굽는 씨우압...
375,하오리,트리플 콤보 (三寶飯),종각역1번 출구에서236m,영업 종료내일 휴무내일 휴무,단체 이용 가능 주차 포장 예약 무선 인터넷 남/녀 화장실 구분,하오리 씨우메이 전문점 씨우메이는 광동요리 일 종으로 화덕에 고기를 굽는 바베큐를 일컫는 말 입니다. 그중 오리를 화덕에 굽는 씨우압...
376,하오리,더블 콤보 (雙?飯),종각역1번 출구에서236m,영업 종료내일 휴무내일 휴무,단체 이용 가능 주차 포장 예약 무선 인터넷 남/녀 화장실 구분,하오리 씨우메이 전문점 씨우메이는 광동요리 일 종으로 화덕에 고기를 굽는 바베큐를 일컫는 말 입니다. 그중 오리를 화덕에 굽는 씨우압...
377,하오리,하오리 콤보 (五福飯),종각역1번 출구에서236m,영업 종료내일 휴무내일 휴무,단체 이용 가능 주차 포장 예약 무선 인터넷 남/녀 화장실 구분,하오리 씨우메이 전문점 씨우메이는 광동요리 일 종으로 화덕에 고기를 굽는 바베큐를 일컫는 말 입니다. 그중 오리를 화덕에 굽는 씨우압...
378,하오리,씨우육 라이스 (脆皮燒肉),종각역1번 출구에서236m,영업 종료내일 휴무내일 휴무,단체 이용 가능 주차 포장 예약 무선 인터넷 남/녀 화장실 구분,하오리 씨우메이 전문점 씨우메이는 광동요리 일 종으로 화덕에 고기를 굽는 바베큐를 일컫는 말 입니다. 그중 오리를 화덕에 굽는 씨우압...
379,하오리,씨우청 라이스 (台式燒腸),종각역1번 출구에서236m,영업 종료내일 휴무내일 휴무,단체 이용 가능 주차 포장 예약 무선 인터넷 남/녀 화장실 구분,하오리 씨우메이 전문점 씨우메이는 광동요리 일 종으로 화덕에 고기를 굽는 바베큐를 일컫는 말 입니다. 그중 오리를 화덕에 굽는 씨우압...
380,하오리,야우까이 라이스 (港式油?),종각역1번 출구에서236m,영업 종료내일 휴무내일 휴무,단체 이용 가능 주차 포장 예약 무선 인터넷 남/녀 화장실 구분,하오리 씨우메이 전문점 씨우메이는 광동요리 일 종으로 화덕에 고기를 굽는 바베큐를 일컫는 말 입니다. 그중 오리를 화덕에 굽는 씨우압...
381,신승관,삼선짬뽕,종각역1번 출구에서236m,영업 종료내일 휴무내일 휴무,주차 배달 예약,한번 방문하신 고객들께선 반드시 또 한번은 찾 아주십니다. 오시는 고객 여러분께 보답하고자 늘 최선을 다하는 서비스를 제공하고 있으...
382,신승관,고추자장,종각역1번 출구에서236m,영업 종료내일 휴무내일 휴무,주차 배달 예약,한번 방문하신 고객들께선 반드시 또 한번은 찾 아주십니다. 오시는 고객 여러분께 보답하고자 늘 최선을 다하는 서비스를 제공하고 있으...
383,신승관,해물백짬뽕,종각역1번 출구에서236m,영업 종료내일 휴무내일 휴무,주차 배달 예약,한번 방문하신 고객들께선 반드시 또 한번은 찾 아주십니다. 오시는 고객 여러분께 보답하고자 늘 최선을 다하는 서비스를 제공하고 있으...
384,신승관,유슬볶음밥,종각역1번 출구에서236m,영업 종료내일 휴무내일 휴무,주차 배달 예약,한번 방문하신 고객들께선 반드시 또 한번은 찾 아주십니다. 오시는 고객 여러분께 보답하고자 늘 최선을 다하는 서비스를 제공하고 있으...
385,신승관,유산슬밥,종각역1번 출구에서236m,영업 종료내일 휴무내일 휴무,주차 배달 예약,한번 방문하신 고객들께선 반드시 또 한번은 찾 아주십니다. 오시는 고객 여러분께 보답하고자 늘 최선을 다하는 서비스를 제공하고 있으...
386,신승관,비취탕수육,종각역1번 출구에서236m,영업 종료내일 휴무내일 휴무,주차 배달 예약,한번 방문하신 고객들께선 반드시 또 한번은 찾 아주십니다. 오시는 고객 여러분께 보답하고자 늘 최선을 다하는 서비스를 제공하고 있으...
387,신승관,레몬크림중새우,종각역1번 출구에서236m,영업 종료내일 휴무내일 휴무,주차 배달 예약,한번 방문하신 고객들께선 반드시 또 한번은 찾 아주십니다. 오시는 고객 여러분께 보답하고자 늘 최선을 다하는 서비스를 제공하고 있으...
388,신승관,수제면보사,종각역1번 출구에서236m,영업 종료내일 휴무내일 휴무,주차 배달 예약,한번 방문하신 고객들께선 반드시 또 한번은 찾 아주십니다. 오시는 고객 여러분께 보답하고자 늘 최선을 다하는 서비스를 제공하고 있으...
389,신승관,깐소중새우,종각역1번 출구에서236m,영업 종료내일 휴무내일 휴무,주차 배달 예약,한번 방문하신 고객들께선 반드시 또 한번은 찾 아주십니다. 오시는 고객 여러분께 보답하고자 늘 최선을 다하는 서비스를 제공하고 있으...
390,신승관,탕수육 세트,종각역1번 출구에서236m,영업 종료내일 휴무내일 휴무,주차 배달 예약,한번 방문하신 고객들께선 반드시 또 한번은 찾 아주십니다. 오시는 고객 여러분께 보답하고자 늘 최선을 다하는 서비스를 제공하고 있으...
391,신승관,꿔바로우 세트,종각역1번 출구에서236m,영업 종료내일 휴무내일 휴무,주차 배달 예약,한번 방문하신 고객들께선 반드시 또 한번은 찾 아주십니다. 오시는 고객 여러분께 보답하고자 늘 최선을 다하는 서비스를 제공하고 있으...
392,신승관,깐풍기 세트,종각역1번 출구에서236m,영업 종료내일 휴무내일 휴무,주차 배달 예약,한번 방문하신 고객들께선 반드시 또 한번은 찾 아주십니다. 오시는 고객 여러분께 보답하고자 늘 최선을 다하는 서비스를 제공하고 있으...
393,신승관,유린기 세트,종각역1번 출구에서236m,영업 종료내일 휴무내일 휴무,주차 배달 예약,한번 방문하신 고객들께선 반드시 또 한번은 찾 아주십니다. 오시는 고객 여러분께 보답하고자 늘 최선을 다하는 서비스를 제공하고 있으...
394,신승관,깐소중새우 세트,종각역1번 출구에서236m,영업 종료내일 휴무내일 휴무,주차 배달 예약,한번 방문하신 고객들께선 반드시 또 한번은 찾 아주십니다. 오시는 고객 여러분께 보답하고자 늘 최선을 다하는 서비스를 제공하고 있으...
395,신승관,48000 코스요리,종각역1번 출구에서236m,영업 종료내일 휴무내일 휴무,주차 배달 예약,한번 방문하신 고객들께선 반드시 또 한번은 찾 아주십니다. 오시는 고객 여러분께 보답하고자 늘 최선을 다하는 서비스를 제공하고 있으...
396,미미완당,새우완당스프,종각역1번 출구에서236m,영업 종료11:00에 영업 시작11시 0분에 영업 시작,,
397,미미완당,매운새우완당스프,종각역1번 출구에서236m,영업 종료11:00에 영업 시작11시 0분에 영업 시작,,
398,미미완당,돼지고기완당,종각역1번 출구에서236m,영업 종료11:00에 영업 시작11시 0분에 영업 시작,,
399,미미완당,샤오룽바오,종각역1번 출구에서236m,영업 종료11:00에 영업 시작11시 0분에 영업 시작,,
400,미미완당,삼선샤오룽바오,종각역1번 출구에서236m,영업 종료11:00에 영업 시작11시 0분에 영업 시작,,
401,미미완당,새우완당면,종각역1번 출구에서236m,영업 종료11:00에 영업 시작11시 0분에 영업 시작,,
402,미미완당,매운새우완당면,종각역1번 출구에서236m,영업 종료11:00에 영업 시작11시 0분에 영업 시작,,
403,미미완당,돼지등심볶음면,종각역1번 출구에서236m,영업 종료11:00에 영업 시작11시 0분에 영업 시작,,
404,미미완당,계란볶음면,종각역1번 출구에서236m,영업 종료11:00에 영업 시작11시 0분에 영업 시작,,
405,미미완당,꿔바로우,종각역1번 출구에서236m,영업 종료11:00에 영업 시작11시 0분에 영업 시작,,
406,미미완당,칠리새우,종각역1번 출구에서236m,영업 종료11:00에 영업 시작11시 0분에 영업 시작,,
407,미미완당,루러우판,종각역1번 출구에서236m,영업 종료11:00에 영업 시작11시 0분에 영업 시작,,
408,미미완당,토마토계란덮밥,종각역1번 출구에서236m,영업 종료11:00에 영업 시작11시 0분에 영업 시작,,
409,미미완당,지삼선,종각역1번 출구에서236m,영업 종료11:00에 영업 시작11시 0분에 영업 시작,,
410,미미완당,크림새우,종각역1번 출구에서236m,영업 종료11:00에 영업 시작11시 0분에 영업 시작,,
411,ERROR,만차이,,,,
412,짱구야 학교가자,무뼈닭발,7건대입구역2번 출구에서311m,영업 중03:00에 영업 종료3시 0분에 영업 종료,단체 이용 가능 포장 남/녀 화장실 구분,짱구가돌아왔다! 가성비좋은 건대이색포차 옛날복고컨셉으로 추억을 느껴보세요
413,짱구야 학교가자,크림짬뽕 (면포함),7건대입구역2번 출구에서311m,영업 중03:00에 영업 종료3시 0분에 영업 종료,단체 이용 가능 포장 남/녀 화장실 구분,짱구가돌아왔다! 가성비좋은 건대이색포차 옛날복고컨셉으로 추억을 느껴보세요
414,짱구야 학교가자,김치제육 (고기만 400g + 공기밥 2개)(고기만400g + 공기밥 2개),7건대입구역2번 출구에서311m,영업 중03:00에 영업 종료3시 0분에 영업 종료,단체 이용 가능 포장 남/녀 화장실 구분,짱구가돌아왔다! 가성비좋은 건대이색포차 옛날복고컨셉으로 추억을 느껴보세요
415,짱구야 학교가자,삼겹살비빔면,7건대입구역2번 출구에서311m,영업 중03:00에 영업 종료3시 0분에 영업 종료,단체 이용 가능 포장 남/녀 화장실 구분,짱구가돌아왔다! 가성비좋은 건대이색포차 옛날복고컨셉으로 추억을 느껴보세요
416,짱구야 학교가자,국물닭발(무뼈),7건대입구역2번 출구에서311m,영업 중03:00에 영업 종료3시 0분에 영업 종료,단체 이용 가능 포장 남/녀 화장실 구분,짱구가돌아왔다! 가성비좋은 건대이색포차 옛날복고컨셉으로 추억을 느껴보세요
417,짱구야 학교가자,짱구리아,7건대입구역2번 출구에서311m,영업 중03:00에 영업 종료3시 0분에 영업 종료,단체 이용 가능 포장 남/녀 화장실 구분,짱구가돌아왔다! 가성비좋은 건대이색포차 옛날복고컨셉으로 추억을 느껴보세요
418,짱구야 학교가자,모듬소세지,7건대입구역2번 출구에서311m,영업 중03:00에 영업 종료3시 0분에 영업 종료,단체 이용 가능 포장 남/녀 화장실 구분,짱구가돌아왔다! 가성비좋은 건대이색포차 옛날복고컨셉으로 추억을 느껴보세요
419,짱구야 학교가자,버팔로윙봉,7건대입구역2번 출구에서311m,영업 중03:00에 영업 종료3시 0분에 영업 종료,단체 이용 가능 포장 남/녀 화장실 구분,짱구가돌아왔다! 가성비좋은 건대이색포차 옛날복고컨셉으로 추억을 느껴보세요
420,짱구야 학교가자,콘치즈,7건대입구역2번 출구에서311m,영업 중03:00에 영업 종료3시 0분에 영업 종료,단체 이용 가능 포장 남/녀 화장실 구분,짱구가돌아왔다! 가성비좋은 건대이색포차 옛날복고컨셉으로 추억을 느껴보세요
421,짱구야 학교가자,황도,7건대입구역2번 출구에서311m,영업 중03:00에 영업 종료3시 0분에 영업 종료,단체 이용 가능 포장 남/녀 화장실 구분,짱구가돌아왔다! 가성비좋은 건대이색포차 옛날복고컨셉으로 추억을 느껴보세요
422,짱구야 학교가자,순살깐풍치킨,7건대입구역2번 출구에서311m,영업 중03:00에 영업 종료3시 0분에 영업 종료,단체 이용 가능 포장 남/녀 화장실 구분,짱구가돌아왔다! 가성비좋은 건대이색포차 옛날복고컨셉으로 추억을 느껴보세요
423,짱구야 학교가자,순살양념치킨,7건대입구역2번 출구에서311m,영업 중03:00에 영업 종료3시 0분에 영업 종료,단체 이용 가능 포장 남/녀 화장실 구분,짱구가돌아왔다! 가성비좋은 건대이색포차 옛날복고컨셉으로 추억을 느껴보세요
424,짱구야 학교가자,순살후라이드치킨,7건대입구역2번 출구에서311m,영업 중03:00에 영업 종료3시 0분에 영업 종료,단체 이용 가능 포장 남/녀 화장실 구분,짱구가돌아왔다! 가성비좋은 건대이색포차 옛날복고컨셉으로 추억을 느껴보세요
425,짱구야 학교가자,치킨+떡볶이 셋트,7건대입구역2번 출구에서311m,영업 중03:00에 영업 종료3시 0분에 영업 종료,단체 이용 가능 포장 남/녀 화장실 구분,짱구가돌아왔다! 가성비좋은 건대이색포차 옛날복고컨셉으로 추억을 느껴보세요
426,짱구야 학교가자,김말이떡볶이,7건대입구역2번 출구에서311m,영업 중03:00에 영업 종료3시 0분에 영업 종료,단체 이용 가능 포장 남/녀 화장실 구분,짱구가돌아왔다! 가성비좋은 건대이색포차 옛날복고컨셉으로 추억을 느껴보세요
427,짱구야 학교가자,알만두계란탕,7건대입구역2번 출구에서311m,영업 중03:00에 영업 종료3시 0분에 영업 종료,단체 이용 가능 포장 남/녀 화장실 구분,짱구가돌아왔다! 가성비좋은 건대이색포차 옛날복고컨셉으로 추억을 느껴보세요
428,짱구야 학교가자,소떡소떡,7건대입구역2번 출구에서311m,영업 중03:00에 영업 종료3시 0분에 영업 종료,단체 이용 가능 포장 남/녀 화장실 구분,짱구가돌아왔다! 가성비좋은 건대이색포차 옛날복고컨셉으로 추억을 느껴보세요
429,짱구야 학교가자,알만두튀김,7건대입구역2번 출구에서311m,영업 중03:00에 영업 종료3시 0분에 영업 종료,단체 이용 가능 포장 남/녀 화장실 구분,짱구가돌아왔다! 가성비좋은 건대이색포차 옛날복고컨셉으로 추억을 느껴보세요
430,짱구야 학교가자,못난이주먹밥,7건대입구역2번 출구에서311m,영업 중03:00에 영업 종료3시 0분에 영업 종료,단체 이용 가능 포장 남/녀 화장실 구분,짱구가돌아왔다! 가성비좋은 건대이색포차 옛날복고컨셉으로 추억을 느껴보세요
431,짱구야 학교가자,공기밥,7건대입구역2번 출구에서311m,영업 중03:00에 영업 종료3시 0분에 영업 종료,단체 이용 가능 포장 남/녀 화장실 구분,짱구가돌아왔다! 가성비좋은 건대이색포차 옛날복고컨셉으로 추억을 느껴보세요
432,짱구야 학교가자,코카콜라(355ml),7건대입구역2번 출구에서311m,영업 중03:00에 영업 종료3시 0분에 영업 종료,단체 이용 가능 포장 남/녀 화장실 구분,짱구가돌아왔다! 가성비좋은 건대이색포차 옛날복고컨셉으로 추억을 느껴보세요
433,짱구야 학교가자,스프라이트(355ml),7건대입구역2번 출구에서311m,영업 중03:00에 영업 종료3시 0분에 영업 종료,단체 이용 가능 포장 남/녀 화장실 구분,짱구가돌아왔다! 가성비좋은 건대이색포차 옛날복고컨셉으로 추억을 느껴보세요
434,짱구야 학교가자,환타오렌지(355ml),7건대입구역2번 출구에서311m,영업 중03:00에 영업 종료3시 0분에 영업 종료,단체 이용 가능 포장 남/녀 화장실 구분,짱구가돌아왔다! 가성비좋은 건대이색포차 옛날복고컨셉으로 추억을 느껴보세요
435,짱구야 학교가자,환타파인(355ml),7건대입구역2번 출구에서311m,영업 중03:00에 영업 종료3시 0분에 영업 종료,단체 이용 가능 포장 남/녀 화장실 구분,짱구가돌아왔다! 가성비좋은 건대이색포차 옛날복고컨셉으로 추억을 느껴보세요
436,덕성각,옛날 짜장,4동대문역9번 출구에서207m,영업 종료내일 휴무내일 휴무,,
437,덕성각,고추짬뽕,4동대문역9번 출구에서207m,영업 종료내일 휴무내일 휴무,,
438,덕성각,짬뽕,4동대문역9번 출구에서207m,영업 종료내일 휴무내일 휴무,,
439,덕성각,짜장면,4동대문역9번 출구에서207m,영업 종료내일 휴무내일 휴무,,
440,덕성각,고추짜장,4동대문역9번 출구에서207m,영업 종료내일 휴무내일 휴무,,
441,덕성각,볶음밥,4동대문역9번 출구에서207m,영업 종료내일 휴무내일 휴무,,
442,덕성각,탕수육 小,4동대문역9번 출구에서207m,영업 종료내일 휴무내일 휴무,,
443,덕성각,탕수육 中,4동대문역9번 출구에서207m,영업 종료내일 휴무내일 휴무,,
444,덕성각,사천탕수육 小,4동대문역9번 출구에서207m,영업 종료내일 휴무내일 휴무,,
445,동대문 옛날통닭,통닭 1마리,4동대문역5번 출구에서16m,,,
446,동대문 옛날통닭,통닭 2마리,4동대문역5번 출구에서16m,,,
447,동대문 옛날통닭,통닭 3마리,4동대문역5번 출구에서16m,,,
448,동대문 옛날통닭,닭강정 (大),4동대문역5번 출구에서16m,,,
449,동대문 옛날통닭,닭강정 (中),4동대문역5번 출구에서16m,,,
450,홍콩반점0410 동묘역점,짬뽕,6동묘앞역4번 출구에서10m,영업 종료11:10에 영업 시작11시 10분에 영업 시작,주차 포장 남/녀 화장실 구분,대한민국 NO.1 중식브랜드 홍콩반점0410 입니다. 맛있는 식사를 제공 드리기 위해 최선을 다하겠습니다.
451,홍콩반점0410 동묘역점,짜장면,6동묘앞역4번 출구에서10m,영업 종료11:10에 영업 시작11시 10분에 영업 시작,주차 포장 남/녀 화장실 구분,대한민국 NO.1 중식브랜드 홍콩반점0410 입니다. 맛있는 식사를 제공 드리기 위해 최선을 다하겠습니다.
452,홍콩반점0410 동묘역점,탕수육(소_2인),6동묘앞역4번 출구에서10m,영업 종료11:10에 영업 시작11시 10분에 영업 시작,주차 포장 남/녀 화장실 구분,대한민국 NO.1 중식브랜드 홍콩반점0410 입니다. 맛있는 식사를 제공 드리기 위해 최선을 다하겠습니다.
453,홍콩반점0410 동묘역점,짬뽕밥(맛보기면+밥),6동묘앞역4번 출구에서10m,영업 종료11:10에 영업 시작11시 10분에 영업 시작,주차 포장 남/녀 화장실 구분,대한민국 NO.1 중식브랜드 홍콩반점0410 입니다. 맛있는 식사를 제공 드리기 위해 최선을 다하겠습니다.
454,홍콩반점0410 동묘역점,짜장밥,6동묘앞역4번 출구에서10m,영업 종료11:10에 영업 시작11시 10분에 영업 시작,주차 포장 남/녀 화장실 구분,대한민국 NO.1 중식브랜드 홍콩반점0410 입니다. 맛있는 식사를 제공 드리기 위해 최선을 다하겠습니다.
455,홍콩반점0410 동묘역점,쟁반짜장,6동묘앞역4번 출구에서10m,영업 종료11:10에 영업 시작11시 10분에 영업 시작,주차 포장 남/녀 화장실 구분,대한민국 NO.1 중식브랜드 홍콩반점0410 입니다. 맛있는 식사를 제공 드리기 위해 최선을 다하겠습니다.
456,홍콩반점0410 동묘역점,군만두,6동묘앞역4번 출구에서10m,영업 종료11:10에 영업 시작11시 10분에 영업 시작,주차 포장 남/녀 화장실 구분,대한민국 NO.1 중식브랜드 홍콩반점0410 입니다. 맛있는 식사를 제공 드리기 위해 최선을 다하겠습니다.
457,창창 차이나,짜장+미니탕수육(1인세트),2우이신설신설동역11번 출구에서131m,오늘 휴무매주 토요일 휴무매주 토요일 휴무,,
458,창창 차이나,짜장+미니탕수육(곱배기),2우이신설신설동역11번 출구에서131m,오늘 휴무매주 토요일 휴무매주 토요일 휴무,,
459,창창 차이나,홍합해물짬뽕+미니탕수육(1인세트),2우이신설신설동역11번 출구에서131m,오늘 휴무매주 토요일 휴무매주 토요일 휴무,,
460,창창 차이나,홍합해물짬뽕+미니탕수육(곱배기),2우이신설신설동역11번 출구에서131m,오늘 휴무매주 토요일 휴무매주 토요일 휴무,,
461,창창 차이나,쟁반짜장+미니탕수육(1인세트),2우이신설신설동역11번 출구에서131m,오늘 휴무매주 토요일 휴무매주 토요일 휴무,,
462,창창 차이나,짜장면,2우이신설신설동역11번 출구에서131m,오늘 휴무매주 토요일 휴무매주 토요일 휴무,,
463,창창 차이나,짜장면(곱배기),2우이신설신설동역11번 출구에서131m,오늘 휴무매주 토요일 휴무매주 토요일 휴무,,
464,창창 차이나,간짜장,2우이신설신설동역11번 출구에서131m,오늘 휴무매주 토요일 휴무매주 토요일 휴무,,
465,창창 차이나,간짜장(곱배기),2우이신설신설동역11번 출구에서131m,오늘 휴무매주 토요일 휴무매주 토요일 휴무,,
466,창창 차이나,삼선간짜장,2우이신설신설동역11번 출구에서131m,오늘 휴무매주 토요일 휴무매주 토요일 휴무,,
467,창창 차이나,미니 탕수육,2우이신설신설동역11번 출구에서131m,오늘 휴무매주 토요일 휴무매주 토요일 휴무,,
468,창창 차이나,셋트 탕수육,2우이신설신설동역11번 출구에서131m,오늘 휴무매주 토요일 휴무매주 토요일 휴무,,
469,창창 차이나,찹쌀 탕수육(소),2우이신설신설동역11번 출구에서131m,오늘 휴무매주 토요일 휴무매주 토요일 휴무,,
470,창창 차이나,찹쌀 탕수육(중),2우이신설신설동역11번 출구에서131m,오늘 휴무매주 토요일 휴무매주 토요일 휴무,,
471,창창 차이나,찹쌀 탕수육(대),2우이신설신설동역11번 출구에서131m,오늘 휴무매주 토요일 휴무매주 토요일 휴무,,
472,창창 차이나,Set 1. 탕수육+짜장2,2우이신설신설동역11번 출구에서131m,오늘 휴무매주 토요일 휴무매주 토요일 휴무,,
473,창창 차이나,Set 2. 탕수육+짜장1+짬뽕1,2우이신설신설동역11번 출구에서131m,오늘 휴무매주 토요일 휴무매주 토요일 휴무,,
474,창창 차이나,Set 3. 탕수육+짬뽕2,2우이신설신설동역11번 출구에서131m,오늘 휴무매주 토요일 휴무매주 토요일 휴무,,
475,창창 차이나,Set 4. 탕수육+쟁반짜장(2人),2우이신설신설동역11번 출구에서131m,오늘 휴무매주 토요일 휴무매주 토요일 휴무,,
476,창창 차이나,공기밥,2우이신설신설동역11번 출구에서131m,오늘 휴무매주 토요일 휴무매주 토요일 휴무,,
477,창창 차이나,음료수,2우이신설신설동역11번 출구에서131m,오늘 휴무매주 토요일 휴무매주 토요일 휴무,,
478,오로지라멘 종각점,돈코츠라멘,종각역4번 출구에서419m,영업 종료내일 휴무내일 휴무,포장 배달,안녕하세요. 오로지라멘입니다. 오로지라멘은 상 호에서 나타나있듯 오로지 라멘만을 연구해온 젊 은 친구들이 모여 만든 라멘브랜드입니다....
479,오로지라멘 종각점,오로지라멘,종각역4번 출구에서419m,영업 종료내일 휴무내일 휴무,포장 배달,안녕하세요. 오로지라멘입니다. 오로지라멘은 상 호에서 나타나있듯 오로지 라멘만을 연구해온 젊 은 친구들이 모여 만든 라멘브랜드입니다....
480,오로지라멘 종각점,매운돈코츠라멘,종각역4번 출구에서419m,영업 종료내일 휴무내일 휴무,포장 배달,안녕하세요. 오로지라멘입니다. 오로지라멘은 상 호에서 나타나있듯 오로지 라멘만을 연구해온 젊 은 친구들이 모여 만든 라멘브랜드입니다....
481,오로지라멘 종각점,바질라멘,종각역4번 출구에서419m,영업 종료내일 휴무내일 휴무,포장 배달,안녕하세요. 오로지라멘입니다. 오로지라멘은 상 호에서 나타나있듯 오로지 라멘만을 연구해온 젊 은 친구들이 모여 만든 라멘브랜드입니다....
482,오로지라멘 종각점,차슈동,종각역4번 출구에서419m,영업 종료내일 휴무내일 휴무,포장 배달,안녕하세요. 오로지라멘입니다. 오로지라멘은 상 호에서 나타나있듯 오로지 라멘만을 연구해온 젊 은 친구들이 모여 만든 라멘브랜드입니다....
483,오로지라멘 종각점,가라아게,종각역4번 출구에서419m,영업 종료내일 휴무내일 휴무,포장 배달,안녕하세요. 오로지라멘입니다. 오로지라멘은 상 호에서 나타나있듯 오로지 라멘만을 연구해온 젊 은 친구들이 모여 만든 라멘브랜드입니다....
484,오로지라멘 종각점,오로지교자,종각역4번 출구에서419m,영업 종료내일 휴무내일 휴무,포장 배달,안녕하세요. 오로지라멘입니다. 오로지라멘은 상 호에서 나타나있듯 오로지 라멘만을 연구해온 젊 은 친구들이 모여 만든 라멘브랜드입니다....
485,오로지라멘 종각점,꽤매운교자,종각역4번 출구에서419m,영업 종료내일 휴무내일 휴무,포장 배달,안녕하세요. 오로지라멘입니다. 오로지라멘은 상 호에서 나타나있듯 오로지 라멘만을 연구해온 젊 은 친구들이 모여 만든 라멘브랜드입니다....
486,구이와찌개,된장찌개,35종로3가역15번 출구에서369m,영업 종료10:00에 영업 시작10시 0분에 영업 시작,단체 이용 가능 예약 무선 인터넷 남/녀 화장실 구분,관철동 소재의 구이 찌개 전문점.
487,구이와찌개,청국장,35종로3가역15번 출구에서369m,영업 종료10:00에 영업 시작10시 0분에 영업 시작,단체 이용 가능 예약 무선 인터넷 남/녀 화장실 구분,관철동 소재의 구이 찌개 전문점.
488,구이와찌개,고등어구이정식,35종로3가역15번 출구에서369m,영업 종료10:00에 영업 시작10시 0분에 영업 시작,단체 이용 가능 예약 무선 인터넷 남/녀 화장실 구분,관철동 소재의 구이 찌개 전문점.
489,덕후선생 광화문,북경오리,광화문역4번 출구에서302m,영업 종료11:30에 영업 시작11시 30분에 영업 시작,주차 포장 배달 예약 남/녀 화장실 구분,중국 본토의 명인이 만들어낸 북경오리와 면요리를 즐길수있는 德厚先生
490,덕후선생 광화문,마라새우,광화문역4번 출구에서302m,영업 종료11:30에 영업 시작11시 30분에 영업 시작,주차 포장 배달 예약 남/녀 화장실 구분,중국 본토의 명인이 만들어낸 북경오리와 면요리를 즐길수있는 德厚先生
491,덕후선생 광화문,우육면,광화문역4번 출구에서302m,영업 종료11:30에 영업 시작11시 30분에 영업 시작,주차 포장 배달 예약 남/녀 화장실 구분,중국 본토의 명인이 만들어낸 북경오리와 면요리를 즐길수있는 德厚先生
492,덕후선생 광화문,유발면,광화문역4번 출구에서302m,영업 종료11:30에 영업 시작11시 30분에 영업 시작,주차 포장 배달 예약 남/녀 화장실 구분,중국 본토의 명인이 만들어낸 북경오리와 면요리를 즐길수있는 德厚先生
493,덕후선생 광화문,백산육,광화문역4번 출구에서302m,영업 종료11:30에 영업 시작11시 30분에 영업 시작,주차 포장 배달 예약 남/녀 화장실 구분,중국 본토의 명인이 만들어낸 북경오리와 면요리를 즐길수있는 德厚先生
494,덕후선생 광화문,쯔란갈비,광화문역4번 출구에서302m,영업 종료11:30에 영업 시작11시 30분에 영업 시작,주차 포장 배달 예약 남/녀 화장실 구분,중국 본토의 명인이 만들어낸 북경오리와 면요리를 즐길수있는 德厚先生
495,덕후선생 광화문,덕후춘권,광화문역4번 출구에서302m,영업 종료11:30에 영업 시작11시 30분에 영업 시작,주차 포장 배달 예약 남/녀 화장실 구분,중국 본토의 명인이 만들어낸 북경오리와 면요리를 즐길수있는 德厚先生
496,덕후선생 광화문,총유면,광화문역4번 출구에서302m,영업 종료11:30에 영업 시작11시 30분에 영업 시작,주차 포장 배달 예약 남/녀 화장실 구분,중국 본토의 명인이 만들어낸 북경오리와 면요리를 즐길수있는 德厚先生
497,덕후선생 광화문,마장면,광화문역4번 출구에서302m,영업 종료11:30에 영업 시작11시 30분에 영업 시작,주차 포장 배달 예약 남/녀 화장실 구분,중국 본토의 명인이 만들어낸 북경오리와 면요리를 즐길수있는 德厚先生
498,덕후선생 광화문,굴소스 묘이면,광화문역4번 출구에서302m,영업 종료11:30에 영업 시작11시 30분에 영업 시작,주차 포장 배달 예약 남/녀 화장실 구분,중국 본토의 명인이 만들어낸 북경오리와 면요리를 즐길수있는 德厚先生
499,덕후선생 광화문,합이포개면,광화문역4번 출구에서302m,영업 종료11:30에 영업 시작11시 30분에 영업 시작,주차 포장 배달 예약 남/녀 화장실 구분,중국 본토의 명인이 만들어낸 북경오리와 면요리를 즐길수있는 德厚先生
500,덕후선생 광화문,저육쾌자면,광화문역4번 출구에서302m,영업 종료11:30에 영업 시작11시 30분에 영업 시작,주차 포장 배달 예약 남/녀 화장실 구분,중국 본토의 명인이 만들어낸 북경오리와 면요리를 즐길수있는 德厚先生
501,덕후선생 광화문,계란초반,광화문역4번 출구에서302m,영업 종료11:30에 영업 시작11시 30분에 영업 시작,주차 포장 배달 예약 남/녀 화장실 구분,중국 본토의 명인이 만들어낸 북경오리와 면요리를 즐길수있는 德厚先生
502,덕후선생 광화문,트러플계란초반,광화문역4번 출구에서302m,영업 종료11:30에 영업 시작11시 30분에 영업 시작,주차 포장 배달 예약 남/녀 화장실 구분,중국 본토의 명인이 만들어낸 북경오리와 면요리를 즐길수있는 德厚先生
503,덕후선생 광화문,산묘저육초반,광화문역4번 출구에서302m,영업 종료11:30에 영업 시작11시 30분에 영업 시작,주차 포장 배달 예약 남/녀 화장실 구분,중국 본토의 명인이 만들어낸 북경오리와 면요리를 즐길수있는 德厚先生
504,신신원 1,짜장면,4동대문역10번 출구에서93m,영업 종료내일 휴무내일 휴무,단체 이용 가능 배달,30년이 넘는 역사를 자랑하는 곳입니다.
505,신신원 1,짬뽕,4동대문역10번 출구에서93m,영업 종료내일 휴무내일 휴무,단체 이용 가능 배달,30년이 넘는 역사를 자랑하는 곳입니다.
506,신신원 1,삼선간짜장,4동대문역10번 출구에서93m,영업 종료내일 휴무내일 휴무,단체 이용 가능 배달,30년이 넘는 역사를 자랑하는 곳입니다.
507,신신원 1,삼선짬뽕,4동대문역10번 출구에서93m,영업 종료내일 휴무내일 휴무,단체 이용 가능 배달,30년이 넘는 역사를 자랑하는 곳입니다.
508,신신원 1,삼선우동,4동대문역10번 출구에서93m,영업 종료내일 휴무내일 휴무,단체 이용 가능 배달,30년이 넘는 역사를 자랑하는 곳입니다.
509,신신원 1,볶음짬뽕,4동대문역10번 출구에서93m,영업 종료내일 휴무내일 휴무,단체 이용 가능 배달,30년이 넘는 역사를 자랑하는 곳입니다.
510,신신원 1,깐소새우,4동대문역10번 출구에서93m,영업 종료내일 휴무내일 휴무,단체 이용 가능 배달,30년이 넘는 역사를 자랑하는 곳입니다.
511,신신원 1,양장피,4동대문역10번 출구에서93m,영업 종료내일 휴무내일 휴무,단체 이용 가능 배달,30년이 넘는 역사를 자랑하는 곳입니다.
512,신신원 1,오향장육,4동대문역10번 출구에서93m,영업 종료내일 휴무내일 휴무,단체 이용 가능 배달,30년이 넘는 역사를 자랑하는 곳입니다.
513,신신원 1,유린기,4동대문역10번 출구에서93m,영업 종료내일 휴무내일 휴무,단체 이용 가능 배달,30년이 넘는 역사를 자랑하는 곳입니다.
514,신신원 1,기스면,4동대문역10번 출구에서93m,영업 종료내일 휴무내일 휴무,단체 이용 가능 배달,30년이 넘는 역사를 자랑하는 곳입니다.
515,신신원 1,물만두,4동대문역10번 출구에서93m,영업 종료내일 휴무내일 휴무,단체 이용 가능 배달,30년이 넘는 역사를 자랑하는 곳입니다.
516,신신원 1,볶음밥,4동대문역10번 출구에서93m,영업 종료내일 휴무내일 휴무,단체 이용 가능 배달,30년이 넘는 역사를 자랑하는 곳입니다.
517,신신원 1,잡채밥,4동대문역10번 출구에서93m,영업 종료내일 휴무내일 휴무,단체 이용 가능 배달,30년이 넘는 역사를 자랑하는 곳입니다.
518,신신원 1,마파두부밥,4동대문역10번 출구에서93m,영업 종료내일 휴무내일 휴무,단체 이용 가능 배달,30년이 넘는 역사를 자랑하는 곳입니다.
519,정양집 광화문점,양 누룩숙성등심,종각역1번 출구에서170m,영업 종료11:00에 영업 시작11시 0분에 영업 시작,단체 이용 가능 주차 예약 무선 인터넷 남/녀 화장실 구분,프리미엄 양고기 소고기 전문점 정양집 정직하 고 올바른 양고기 소고기를 대접하는 아늑하고 편안한 공간 입니다. 100% 자연방목으로 ...
520,정양집 광화문점,소 우대갈비,종각역1번 출구에서170m,영업 종료11:00에 영업 시작11시 0분에 영업 시작,단체 이용 가능 주차 예약 무선 인터넷 남/녀 화장실 구분,프리미엄 양고기 소고기 전문점 정양집 정직하 고 올바른 양고기 소고기를 대접하는 아늑하고 편안한 공간 입니다. 100% 자연방목으로 ...
521,정양집 광화문점,양 숄더랙,종각역1번 출구에서170m,영업 종료11:00에 영업 시작11시 0분에 영업 시작,단체 이용 가능 주차 예약 무선 인터넷 남/녀 화장실 구분,프리미엄 양고기 소고기 전문점 정양집 정직하 고 올바른 양고기 소고기를 대접하는 아늑하고 편안한 공간 입니다. 100% 자연방목으로 ...
522,정양집 광화문점,양 해장탕 2인,종각역1번 출구에서170m,영업 종료11:00에 영업 시작11시 0분에 영업 시작,단체 이용 가능 주차 예약 무선 인터넷 남/녀 화장실 구분,프리미엄 양고기 소고기 전문점 정양집 정직하 고 올바른 양고기 소고기를 대접하는 아늑하고 편안한 공간 입니다. 100% 자연방목으로 ...
523,정양집 광화문점,광양식 매실육회 비빔밥,종각역1번 출구에서170m,영업 종료11:00에 영업 시작11시 0분에 영업 시작,단체 이용 가능 주차 예약 무선 인터넷 남/녀 화장실 구분,프리미엄 양고기 소고기 전문점 정양집 정직하 고 올바른 양고기 소고기를 대접하는 아늑하고 편안한 공간 입니다. 100% 자연방목으로 ...
524,정양집 광화문점,진주식 육전 비빔밥,종각역1번 출구에서170m,영업 종료11:00에 영업 시작11시 0분에 영업 시작,단체 이용 가능 주차 예약 무선 인터넷 남/녀 화장실 구분,프리미엄 양고기 소고기 전문점 정양집 정직하 고 올바른 양고기 소고기를 대접하는 아늑하고 편안한 공간 입니다. 100% 자연방목으로 ...
525,정양집 광화문점,양 프랜치랙,종각역1번 출구에서170m,영업 종료11:00에 영업 시작11시 0분에 영업 시작,단체 이용 가능 주차 예약 무선 인터넷 남/녀 화장실 구분,프리미엄 양고기 소고기 전문점 정양집 정직하 고 올바른 양고기 소고기를 대접하는 아늑하고 편안한 공간 입니다. 100% 자연방목으로 ...
526,정양집 광화문점,양 꽃삼겹,종각역1번 출구에서170m,영업 종료11:00에 영업 시작11시 0분에 영업 시작,단체 이용 가능 주차 예약 무선 인터넷 남/녀 화장실 구분,프리미엄 양고기 소고기 전문점 정양집 정직하 고 올바른 양고기 소고기를 대접하는 아늑하고 편안한 공간 입니다. 100% 자연방목으로 ...
527,정양집 광화문점,2인 세트,종각역1번 출구에서170m,영업 종료11:00에 영업 시작11시 0분에 영업 시작,단체 이용 가능 주차 예약 무선 인터넷 남/녀 화장실 구분,프리미엄 양고기 소고기 전문점 정양집 정직하 고 올바른 양고기 소고기를 대접하는 아늑하고 편안한 공간 입니다. 100% 자연방목으로 ...
528,정양집 광화문점,4인 세트,종각역1번 출구에서170m,영업 종료11:00에 영업 시작11시 0분에 영업 시작,단체 이용 가능 주차 예약 무선 인터넷 남/녀 화장실 구분,프리미엄 양고기 소고기 전문점 정양집 정직하 고 올바른 양고기 소고기를 대접하는 아늑하고 편안한 공간 입니다. 100% 자연방목으로 ...
529,정양집 광화문점,소 MB9+부채살,종각역1번 출구에서170m,영업 종료11:00에 영업 시작11시 0분에 영업 시작,단체 이용 가능 주차 예약 무선 인터넷 남/녀 화장실 구분,프리미엄 양고기 소고기 전문점 정양집 정직하 고 올바른 양고기 소고기를 대접하는 아늑하고 편안한 공간 입니다. 100% 자연방목으로 ...
530,정양집 광화문점,볏짚 양 등심구이,종각역1번 출구에서170m,영업 종료11:00에 영업 시작11시 0분에 영업 시작,단체 이용 가능 주차 예약 무선 인터넷 남/녀 화장실 구분,프리미엄 양고기 소고기 전문점 정양집 정직하 고 올바른 양고기 소고기를 대접하는 아늑하고 편안한 공간 입니다. 100% 자연방목으로 ...
531,안래홍,굴짬뽕밥(계절 메뉴),종각역2번 출구에서89m,영업 종료내일 휴무내일 휴무,단체 이용 가능 포장 예약 무선 인터넷 남/녀 화장실 구분,중국 사천출신의 화교 2세가 운영하는 중식당입니다. 70년대 공평루라는 이름으로 시작하여 안래홍으로 상호를 변경하여 운영하는 곳이지요. 사천식의 매콤한 중화요리가 준비되어 있습니다. 탕수육 굴 소스를 첨가한 국물 없는 짬뽕인 수소면을 맛볼 수 있습니다. 겨울에는 굴짬뽕이 인기입니다.
532,안래홍,유니짜장,종각역2번 출구에서89m,영업 종료내일 휴무내일 휴무,단체 이용 가능 포장 예약 무선 인터넷 남/녀 화장실 구분,중국 사천출신의 화교 2세가 운영하는 중식당입니다. 70년대 공평루라는 이름으로 시작하여 안래홍으로 상호를 변경하여 운영하는 곳이지요. 사천식의 매콤한 중화요리가 준비되어 있습니다. 탕수육 굴 소스를 첨가한 국물 없는 짬뽕인 수소면을 맛볼 수 있습니다. 겨울에는 굴짬뽕이 인기입니다.
533,안래홍,볶음밥,종각역2번 출구에서89m,영업 종료내일 휴무내일 휴무,단체 이용 가능 포장 예약 무선 인터넷 남/녀 화장실 구분,중국 사천출신의 화교 2세가 운영하는 중식당입니다. 70년대 공평루라는 이름으로 시작하여 안래홍으로 상호를 변경하여 운영하는 곳이지요. 사천식의 매콤한 중화요리가 준비되어 있습니다. 탕수육 굴 소스를 첨가한 국물 없는 짬뽕인 수소면을 맛볼 수 있습니다. 겨울에는 굴짬뽕이 인기입니다.
534,안래홍,계란탕,종각역2번 출구에서89m,영업 종료내일 휴무내일 휴무,단체 이용 가능 포장 예약 무선 인터넷 남/녀 화장실 구분,중국 사천출신의 화교 2세가 운영하는 중식당입니다. 70년대 공평루라는 이름으로 시작하여 안래홍으로 상호를 변경하여 운영하는 곳이지요. 사천식의 매콤한 중화요리가 준비되어 있습니다. 탕수육 굴 소스를 첨가한 국물 없는 짬뽕인 수소면을 맛볼 수 있습니다. 겨울에는 굴짬뽕이 인기입니다.
535,안래홍,군만두,종각역2번 출구에서89m,영업 종료내일 휴무내일 휴무,단체 이용 가능 포장 예약 무선 인터넷 남/녀 화장실 구분,중국 사천출신의 화교 2세가 운영하는 중식당입니다. 70년대 공평루라는 이름으로 시작하여 안래홍으로 상호를 변경하여 운영하는 곳이지요. 사천식의 매콤한 중화요리가 준비되어 있습니다. 탕수육 굴 소스를 첨가한 국물 없는 짬뽕인 수소면을 맛볼 수 있습니다. 겨울에는 굴짬뽕이 인기입니다.
536,안래홍,짜장면,종각역2번 출구에서89m,영업 종료내일 휴무내일 휴무,단체 이용 가능 포장 예약 무선 인터넷 남/녀 화장실 구분,중국 사천출신의 화교 2세가 운영하는 중식당입니다. 70년대 공평루라는 이름으로 시작하여 안래홍으로 상호를 변경하여 운영하는 곳이지요. 사천식의 매콤한 중화요리가 준비되어 있습니다. 탕수육 굴 소스를 첨가한 국물 없는 짬뽕인 수소면을 맛볼 수 있습니다. 겨울에는 굴짬뽕이 인기입니다.
537,안래홍,간짜장,종각역2번 출구에서89m,영업 종료내일 휴무내일 휴무,단체 이용 가능 포장 예약 무선 인터넷 남/녀 화장실 구분,중국 사천출신의 화교 2세가 운영하는 중식당입니다. 70년대 공평루라는 이름으로 시작하여 안래홍으로 상호를 변경하여 운영하는 곳이지요. 사천식의 매콤한 중화요리가 준비되어 있습니다. 탕수육 굴 소스를 첨가한 국물 없는 짬뽕인 수소면을 맛볼 수 있습니다. 겨울에는 굴짬뽕이 인기입니다.
538,안래홍,삼선간짜장,종각역2번 출구에서89m,영업 종료내일 휴무내일 휴무,단체 이용 가능 포장 예약 무선 인터넷 남/녀 화장실 구분,중국 사천출신의 화교 2세가 운영하는 중식당입니다. 70년대 공평루라는 이름으로 시작하여 안래홍으로 상호를 변경하여 운영하는 곳이지요. 사천식의 매콤한 중화요리가 준비되어 있습니다. 탕수육 굴 소스를 첨가한 국물 없는 짬뽕인 수소면을 맛볼 수 있습니다. 겨울에는 굴짬뽕이 인기입니다.
539,안래홍,복음짜장,종각역2번 출구에서89m,영업 종료내일 휴무내일 휴무,단체 이용 가능 포장 예약 무선 인터넷 남/녀 화장실 구분,중국 사천출신의 화교 2세가 운영하는 중식당입니다. 70년대 공평루라는 이름으로 시작하여 안래홍으로 상호를 변경하여 운영하는 곳이지요. 사천식의 매콤한 중화요리가 준비되어 있습니다. 탕수육 굴 소스를 첨가한 국물 없는 짬뽕인 수소면을 맛볼 수 있습니다. 겨울에는 굴짬뽕이 인기입니다.
540,안래홍,사천짜장,종각역2번 출구에서89m,영업 종료내일 휴무내일 휴무,단체 이용 가능 포장 예약 무선 인터넷 남/녀 화장실 구분,중국 사천출신의 화교 2세가 운영하는 중식당입니다. 70년대 공평루라는 이름으로 시작하여 안래홍으로 상호를 변경하여 운영하는 곳이지요. 사천식의 매콤한 중화요리가 준비되어 있습니다. 탕수육 굴 소스를 첨가한 국물 없는 짬뽕인 수소면을 맛볼 수 있습니다. 겨울에는 굴짬뽕이 인기입니다.
541,안래홍,짬뽕,종각역2번 출구에서89m,영업 종료내일 휴무내일 휴무,단체 이용 가능 포장 예약 무선 인터넷 남/녀 화장실 구분,중국 사천출신의 화교 2세가 운영하는 중식당입니다. 70년대 공평루라는 이름으로 시작하여 안래홍으로 상호를 변경하여 운영하는 곳이지요. 사천식의 매콤한 중화요리가 준비되어 있습니다. 탕수육 굴 소스를 첨가한 국물 없는 짬뽕인 수소면을 맛볼 수 있습니다. 겨울에는 굴짬뽕이 인기입니다.
542,안래홍,삼선짬뽕,종각역2번 출구에서89m,영업 종료내일 휴무내일 휴무,단체 이용 가능 포장 예약 무선 인터넷 남/녀 화장실 구분,중국 사천출신의 화교 2세가 운영하는 중식당입니다. 70년대 공평루라는 이름으로 시작하여 안래홍으로 상호를 변경하여 운영하는 곳이지요. 사천식의 매콤한 중화요리가 준비되어 있습니다. 탕수육 굴 소스를 첨가한 국물 없는 짬뽕인 수소면을 맛볼 수 있습니다. 겨울에는 굴짬뽕이 인기입니다.
543,안래홍,삼선백짬뽕,종각역2번 출구에서89m,영업 종료내일 휴무내일 휴무,단체 이용 가능 포장 예약 무선 인터넷 남/녀 화장실 구분,중국 사천출신의 화교 2세가 운영하는 중식당입니다. 70년대 공평루라는 이름으로 시작하여 안래홍으로 상호를 변경하여 운영하는 곳이지요. 사천식의 매콤한 중화요리가 준비되어 있습니다. 탕수육 굴 소스를 첨가한 국물 없는 짬뽕인 수소면을 맛볼 수 있습니다. 겨울에는 굴짬뽕이 인기입니다.
544,안래홍,우동,종각역2번 출구에서89m,영업 종료내일 휴무내일 휴무,단체 이용 가능 포장 예약 무선 인터넷 남/녀 화장실 구분,중국 사천출신의 화교 2세가 운영하는 중식당입니다. 70년대 공평루라는 이름으로 시작하여 안래홍으로 상호를 변경하여 운영하는 곳이지요. 사천식의 매콤한 중화요리가 준비되어 있습니다. 탕수육 굴 소스를 첨가한 국물 없는 짬뽕인 수소면을 맛볼 수 있습니다. 겨울에는 굴짬뽕이 인기입니다.
545,안래홍,삼선우동,종각역2번 출구에서89m,영업 종료내일 휴무내일 휴무,단체 이용 가능 포장 예약 무선 인터넷 남/녀 화장실 구분,중국 사천출신의 화교 2세가 운영하는 중식당입니다. 70년대 공평루라는 이름으로 시작하여 안래홍으로 상호를 변경하여 운영하는 곳이지요. 사천식의 매콤한 중화요리가 준비되어 있습니다. 탕수육 굴 소스를 첨가한 국물 없는 짬뽕인 수소면을 맛볼 수 있습니다. 겨울에는 굴짬뽕이 인기입니다.
546,태화반점 1993,특허짜장,창신역2번 출구에서196m,영업 종료10:30에 영업 시작10시 30분에 영업 시작,단체 이용 가능 주차 포장 배달 무선 인터넷 반려동물 동반 남/녀 화장실 구분,
547,태화반점 1993,간짜장 (간짜장엔 계란후라이징),창신역2번 출구에서196m,영업 종료10:30에 영업 시작10시 30분에 영업 시작,단체 이용 가능 주차 포장 배달 무선 인터넷 반려동물 동반 남/녀 화장실 구분,
548,태화반점 1993,백년짜장(삼선간짜장),창신역2번 출구에서196m,영업 종료10:30에 영업 시작10시 30분에 영업 시작,단체 이용 가능 주차 포장 배달 무선 인터넷 반려동물 동반 남/녀 화장실 구분,
549,태화반점 1993,고추짬뽕,창신역2번 출구에서196m,영업 종료10:30에 영업 시작10시 30분에 영업 시작,단체 이용 가능 주차 포장 배달 무선 인터넷 반려동물 동반 남/녀 화장실 구분,
550,태화반점 1993,해물쟁반짜장(2인),창신역2번 출구에서196m,영업 종료10:30에 영업 시작10시 30분에 영업 시작,단체 이용 가능 주차 포장 배달 무선 인터넷 반려동물 동반 남/녀 화장실 구분,
551,태화반점 1993,야채볶음밥+짬뽕국물,창신역2번 출구에서196m,영업 종료10:30에 영업 시작10시 30분에 영업 시작,단체 이용 가능 주차 포장 배달 무선 인터넷 반려동물 동반 남/녀 화장실 구분,
552,태화반점 1993,새우볶음밥+짬뽕국물,창신역2번 출구에서196m,영업 종료10:30에 영업 시작10시 30분에 영업 시작,단체 이용 가능 주차 포장 배달 무선 인터넷 반려동물 동반 남/녀 화장실 구분,
553,태화반점 1993,삼선볶음밥+짬뽕국물,창신역2번 출구에서196m,영업 종료10:30에 영업 시작10시 30분에 영업 시작,단체 이용 가능 주차 포장 배달 무선 인터넷 반려동물 동반 남/녀 화장실 구분,
554,태화반점 1993,탕수육(소),창신역2번 출구에서196m,영업 종료10:30에 영업 시작10시 30분에 영업 시작,단체 이용 가능 주차 포장 배달 무선 인터넷 반려동물 동반 남/녀 화장실 구분,
555,태화반점 1993,탕수육(중),창신역2번 출구에서196m,영업 종료10:30에 영업 시작10시 30분에 영업 시작,단체 이용 가능 주차 포장 배달 무선 인터넷 반려동물 동반 남/녀 화장실 구분,
556,태화반점 1993,탕수육(대),창신역2번 출구에서196m,영업 종료10:30에 영업 시작10시 30분에 영업 시작,단체 이용 가능 주차 포장 배달 무선 인터넷 반려동물 동반 남/녀 화장실 구분,
557,태화반점 1993,군만두 8pcs,창신역2번 출구에서196m,영업 종료10:30에 영업 시작10시 30분에 영업 시작,단체 이용 가능 주차 포장 배달 무선 인터넷 반려동물 동반 남/녀 화장실 구분,
558,태화반점 1993,멘보샤 10pcs,창신역2번 출구에서196m,영업 종료10:30에 영업 시작10시 30분에 영업 시작,단체 이용 가능 주차 포장 배달 무선 인터넷 반려동물 동반 남/녀 화장실 구분,
559,태화반점 1993,탕수육+ 짜장1,창신역2번 출구에서196m,영업 종료10:30에 영업 시작10시 30분에 영업 시작,단체 이용 가능 주차 포장 배달 무선 인터넷 반려동물 동반 남/녀 화장실 구분,
560,태화반점 1993,탕수육+짜장2,창신역2번 출구에서196m,영업 종료10:30에 영업 시작10시 30분에 영업 시작,단체 이용 가능 주차 포장 배달 무선 인터넷 반려동물 동반 남/녀 화장실 구분,
561,태화반점 1993,탕수육+짬뽕1,창신역2번 출구에서196m,영업 종료10:30에 영업 시작10시 30분에 영업 시작,단체 이용 가능 주차 포장 배달 무선 인터넷 반려동물 동반 남/녀 화장실 구분,
562,태화반점 1993,탕수육+짬뽕2,창신역2번 출구에서196m,영업 종료10:30에 영업 시작10시 30분에 영업 시작,단체 이용 가능 주차 포장 배달 무선 인터넷 반려동물 동반 남/녀 화장실 구분,
563,태화반점 1993,탕수육+광동식볶음짜장2인,창신역2번 출구에서196m,영업 종료10:30에 영업 시작10시 30분에 영업 시작,단체 이용 가능 주차 포장 배달 무선 인터넷 반려동물 동반 남/녀 화장실 구분,
564,태화반점 1993,멘보샤10pcs+짜장,창신역2번 출구에서196m,영업 종료10:30에 영업 시작10시 30분에 영업 시작,단체 이용 가능 주차 포장 배달 무선 인터넷 반려동물 동반 남/녀 화장실 구분,
565,태화반점 1993,멘보샤10pcs+짬뽕,창신역2번 출구에서196m,영업 종료10:30에 영업 시작10시 30분에 영업 시작,단체 이용 가능 주차 포장 배달 무선 인터넷 반려동물 동반 남/녀 화장실 구분,
566,태화반점 1993,멘보샤10pcs+짜장2,창신역2번 출구에서196m,영업 종료10:30에 영업 시작10시 30분에 영업 시작,단체 이용 가능 주차 포장 배달 무선 인터넷 반려동물 동반 남/녀 화장실 구분,
567,태화반점 1993,멘보샤10pcs+짜장1+짬뽕1,창신역2번 출구에서196m,영업 종료10:30에 영업 시작10시 30분에 영업 시작,단체 이용 가능 주차 포장 배달 무선 인터넷 반려동물 동반 남/녀 화장실 구분,
568,태화반점 1993,멘보샤10pcs+짬뽕2,창신역2번 출구에서196m,영업 종료10:30에 영업 시작10시 30분에 영업 시작,단체 이용 가능 주차 포장 배달 무선 인터넷 반려동물 동반 남/녀 화장실 구분,
569,태화반점 1993,짜장소스(냉장보관후전자렌지에데워드시면됩니당),창신역2번 출구에서196m,영업 종료10:30에 영업 시작10시 30분에 영업 시작,단체 이용 가능 주차 포장 배달 무선 인터넷 반려동물 동반 남/녀 화장실 구분,
570,태화반점 1993,간짜장소스(냉장보관후전자렌지에데워드시면됩니당) 후라이x,창신역2번 출구에서196m,영업 종료10:30에 영업 시작10시 30분에 영업 시작,단체 이용 가능 주차 포장 배달 무선 인터넷 반려동물 동반 남/녀 화장실 구분,
571,태화반점 1993,물,창신역2번 출구에서196m,영업 종료10:30에 영업 시작10시 30분에 영업 시작,단체 이용 가능 주차 포장 배달 무선 인터넷 반려동물 동반 남/녀 화장실 구분,
572,태화반점 1993,콜라,창신역2번 출구에서196m,영업 종료10:30에 영업 시작10시 30분에 영업 시작,단체 이용 가능 주차 포장 배달 무선 인터넷 반려동물 동반 남/녀 화장실 구분,
573,태화반점 1993,사이다,창신역2번 출구에서196m,영업 종료10:30에 영업 시작10시 30분에 영업 시작,단체 이용 가능 주차 포장 배달 무선 인터넷 반려동물 동반 남/녀 화장실 구분,
574,태화반점 1993,환타,창신역2번 출구에서196m,영업 종료10:30에 영업 시작10시 30분에 영업 시작,단체 이용 가능 주차 포장 배달 무선 인터넷 반려동물 동반 남/녀 화장실 구분,
575,바오쯔,바오쯔(순한맛),혜화역4번 출구에서384m,영업 종료내일 휴무내일 휴무,주차 포장 무선 인터넷 남/녀 화장실 구분,
576,바오쯔,바오쯔(매콤한맛),혜화역4번 출구에서384m,영업 종료내일 휴무내일 휴무,주차 포장 무선 인터넷 남/녀 화장실 구분,
577,바오쯔,군바오쯔(순한맛/매콤한맛),혜화역4번 출구에서384m,영업 종료내일 휴무내일 휴무,주차 포장 무선 인터넷 남/녀 화장실 구분,
578,바오쯔,찐교자(7개),혜화역4번 출구에서384m,영업 종료내일 휴무내일 휴무,주차 포장 무선 인터넷 남/녀 화장실 구분,
579,바오쯔,군교자(7개),혜화역4번 출구에서384m,영업 종료내일 휴무내일 휴무,주차 포장 무선 인터넷 남/녀 화장실 구분,
580,바오쯔,딤섬,혜화역4번 출구에서384m,영업 종료내일 휴무내일 휴무,주차 포장 무선 인터넷 남/녀 화장실 구분,
581,바오쯔,찐빵(팥),혜화역4번 출구에서384m,영업 종료내일 휴무내일 휴무,주차 포장 무선 인터넷 남/녀 화장실 구분,
582,바오쯔,만둣국,혜화역4번 출구에서384m,영업 종료내일 휴무내일 휴무,주차 포장 무선 인터넷 남/녀 화장실 구분,
583,바오쯔,굴만둣국(계절메뉴),혜화역4번 출구에서384m,영업 종료내일 휴무내일 휴무,주차 포장 무선 인터넷 남/녀 화장실 구분,
584,바오쯔,냉모밀(계절메뉴),혜화역4번 출구에서384m,영업 종료내일 휴무내일 휴무,주차 포장 무선 인터넷 남/녀 화장실 구분,
585,바오쯔,돈가츠,혜화역4번 출구에서384m,영업 종료내일 휴무내일 휴무,주차 포장 무선 인터넷 남/녀 화장실 구분,
586,바오쯔,가츠동,혜화역4번 출구에서384m,영업 종료내일 휴무내일 휴무,주차 포장 무선 인터넷 남/녀 화장실 구분,
587,바오쯔,카레덮밥,혜화역4번 출구에서384m,영업 종료내일 휴무내일 휴무,주차 포장 무선 인터넷 남/녀 화장실 구분,
588,바오쯔,치킨가츠,혜화역4번 출구에서384m,영업 종료내일 휴무내일 휴무,주차 포장 무선 인터넷 남/녀 화장실 구분,
589,바오쯔,生연어덮밥,혜화역4번 출구에서384m,영업 종료내일 휴무내일 휴무,주차 포장 무선 인터넷 남/녀 화장실 구분,
590,청계면관,우육면 특,종각역4번 출구에서335m,영업 종료11:00에 영업 시작11시 0분에 영업 시작,,중국 대만 한국의 우육면 전문점 78곳에서 먹어 본 뒤 그중 단연 최고였던 칭다오 쓰웨이우육면 으로부터 비법을 전수 받았습니다. 깊은 ...
591,청계면관,우육면,종각역4번 출구에서335m,영업 종료11:00에 영업 시작11시 0분에 영업 시작,,중국 대만 한국의 우육면 전문점 78곳에서 먹어 본 뒤 그중 단연 최고였던 칭다오 쓰웨이우육면 으로부터 비법을 전수 받았습니다. 깊은 ...
592,청계면관,수교,종각역4번 출구에서335m,영업 종료11:00에 영업 시작11시 0분에 영업 시작,,중국 대만 한국의 우육면 전문점 78곳에서 먹어 본 뒤 그중 단연 최고였던 칭다오 쓰웨이우육면 으로부터 비법을 전수 받았습니다. 깊은 ...
593,청계면관,오이소채,종각역4번 출구에서335m,영업 종료11:00에 영업 시작11시 0분에 영업 시작,,중국 대만 한국의 우육면 전문점 78곳에서 먹어 본 뒤 그중 단연 최고였던 칭다오 쓰웨이우육면 으로부터 비법을 전수 받았습니다. 깊은 ...
594,불이아 종로점,불이아 정식,종각역4번 출구에서309m,영업 종료1층 내일 휴무,단체 이용 가능 예약 무선 인터넷 남/녀 화장실 구분,중국 원조 훠궈 전문점 불이아 입니다. 좋은 시간이 되시도록 최선을 다하겠습니다.
595,불이아 종로점,소고기 정식,종각역4번 출구에서309m,영업 종료1층 내일 휴무,단체 이용 가능 예약 무선 인터넷 남/녀 화장실 구분,중국 원조 훠궈 전문점 불이아 입니다. 좋은 시간이 되시도록 최선을 다하겠습니다.
596,불이아 종로점,양고기 정식,종각역4번 출구에서309m,영업 종료1층 내일 휴무,단체 이용 가능 예약 무선 인터넷 남/녀 화장실 구분,중국 원조 훠궈 전문점 불이아 입니다. 좋은 시간이 되시도록 최선을 다하겠습니다.
597,불이아 종로점,한우 정식,종각역4번 출구에서309m,영업 종료1층 내일 휴무,단체 이용 가능 예약 무선 인터넷 남/녀 화장실 구분,중국 원조 훠궈 전문점 불이아 입니다. 좋은 시간이 되시도록 최선을 다하겠습니다.
598,불이아 종로점,해물 정식,종각역4번 출구에서309m,영업 종료1층 내일 휴무,단체 이용 가능 예약 무선 인터넷 남/녀 화장실 구분,중국 원조 훠궈 전문점 불이아 입니다. 좋은 시간이 되시도록 최선을 다하겠습니다.
599,불이아 종로점,고구마빠스,종각역4번 출구에서309m,영업 종료1층 내일 휴무,단체 이용 가능 예약 무선 인터넷 남/녀 화장실 구분,중국 원조 훠궈 전문점 불이아 입니다. 좋은 시간이 되시도록 최선을 다하겠습니다.
600,불이아 종로점,꿔바로우,종각역4번 출구에서309m,영업 종료1층 내일 휴무,단체 이용 가능 예약 무선 인터넷 남/녀 화장실 구분,중국 원조 훠궈 전문점 불이아 입니다. 좋은 시간이 되시도록 최선을 다하겠습니다.
601,고량주관,잔술 코스,종각역4번 출구에서374m,영업 종료17:00에 영업 시작17시 0분에 영업 시작,예약,고량주 전문가의 추천과 설명을 통해 고량주의 다양한 향과 맛을 녹인 엄선 12품 '잔술코스'를 미쉐린 빕구르망 쉐프의 중국 현지 요리와...
602,고량주관,고량주 희석주 개시 행사,종각역4번 출구에서374m,영업 종료17:00에 영업 시작17시 0분에 영업 시작,예약,고량주 전문가의 추천과 설명을 통해 고량주의 다양한 향과 맛을 녹인 엄선 12품 '잔술코스'를 미쉐린 빕구르망 쉐프의 중국 현지 요리와...
603,고량주관,오색대라피,종각역4번 출구에서374m,영업 종료17:00에 영업 시작17시 0분에 영업 시작,예약,고량주 전문가의 추천과 설명을 통해 고량주의 다양한 향과 맛을 녹인 엄선 12품 '잔술코스'를 미쉐린 빕구르망 쉐프의 중국 현지 요리와...
604,고량주관,즈란우육 (한정판매),종각역4번 출구에서374m,영업 종료17:00에 영업 시작17시 0분에 영업 시작,예약,고량주 전문가의 추천과 설명을 통해 고량주의 다양한 향과 맛을 녹인 엄선 12품 '잔술코스'를 미쉐린 빕구르망 쉐프의 중국 현지 요리와...
605,고량주관,어향가지새우튀김,종각역4번 출구에서374m,영업 종료17:00에 영업 시작17시 0분에 영업 시작,예약,고량주 전문가의 추천과 설명을 통해 고량주의 다양한 향과 맛을 녹인 엄선 12품 '잔술코스'를 미쉐린 빕구르망 쉐프의 중국 현지 요리와...
606,고량주관,즈마우육냉반,종각역4번 출구에서374m,영업 종료17:00에 영업 시작17시 0분에 영업 시작,예약,고량주 전문가의 추천과 설명을 통해 고량주의 다양한 향과 맛을 녹인 엄선 12품 '잔술코스'를 미쉐린 빕구르망 쉐프의 중국 현지 요리와...
607,고량주관,구수계,종각역4번 출구에서374m,영업 종료17:00에 영업 시작17시 0분에 영업 시작,예약,고량주 전문가의 추천과 설명을 통해 고량주의 다양한 향과 맛을 녹인 엄선 12품 '잔술코스'를 미쉐린 빕구르망 쉐프의 중국 현지 요리와...
608,고량주관,전가복 (한정판매),종각역4번 출구에서374m,영업 종료17:00에 영업 시작17시 0분에 영업 시작,예약,고량주 전문가의 추천과 설명을 통해 고량주의 다양한 향과 맛을 녹인 엄선 12품 '잔술코스'를 미쉐린 빕구르망 쉐프의 중국 현지 요리와...
609,고량주관,홍소육,종각역4번 출구에서374m,영업 종료17:00에 영업 시작17시 0분에 영업 시작,예약,고량주 전문가의 추천과 설명을 통해 고량주의 다양한 향과 맛을 녹인 엄선 12품 '잔술코스'를 미쉐린 빕구르망 쉐프의 중국 현지 요리와...
610,고량주관,탕수리지,종각역4번 출구에서374m,영업 종료17:00에 영업 시작17시 0분에 영업 시작,예약,고량주 전문가의 추천과 설명을 통해 고량주의 다양한 향과 맛을 녹인 엄선 12품 '잔술코스'를 미쉐린 빕구르망 쉐프의 중국 현지 요리와...
611,고량주관,우육샤궈,종각역4번 출구에서374m,영업 종료17:00에 영업 시작17시 0분에 영업 시작,예약,고량주 전문가의 추천과 설명을 통해 고량주의 다양한 향과 맛을 녹인 엄선 12품 '잔술코스'를 미쉐린 빕구르망 쉐프의 중국 현지 요리와...
612,고량주관,마파두부면,종각역4번 출구에서374m,영업 종료17:00에 영업 시작17시 0분에 영업 시작,예약,고량주 전문가의 추천과 설명을 통해 고량주의 다양한 향과 맛을 녹인 엄선 12품 '잔술코스'를 미쉐린 빕구르망 쉐프의 중국 현지 요리와...
613,고량주관,양지볶음밥,종각역4번 출구에서374m,영업 종료17:00에 영업 시작17시 0분에 영업 시작,예약,고량주 전문가의 추천과 설명을 통해 고량주의 다양한 향과 맛을 녹인 엄선 12품 '잔술코스'를 미쉐린 빕구르망 쉐프의 중국 현지 요리와...
614,고량주관,유락평반 (치즈모둠),종각역4번 출구에서374m,영업 종료17:00에 영업 시작17시 0분에 영업 시작,예약,고량주 전문가의 추천과 설명을 통해 고량주의 다양한 향과 맛을 녹인 엄선 12품 '잔술코스'를 미쉐린 빕구르망 쉐프의 중국 현지 요리와...
615,고량주관,건육평반 (마른안주모둠),종각역4번 출구에서374m,영업 종료17:00에 영업 시작17시 0분에 영업 시작,예약,고량주 전문가의 추천과 설명을 통해 고량주의 다양한 향과 맛을 녹인 엄선 12품 '잔술코스'를 미쉐린 빕구르망 쉐프의 중국 현지 요리와...
616,영빈루레드 서대문점,평일런치세트,서대문역3번 출구에서28m,영업 종료내일 휴무내일 휴무,단체 이용 가능 주차 포장 예약 무선 인터넷 남/녀 화장실 구분,영빈루는 1945년부터 78년동안 3대째 전해내려 오는 전국 5대짬뽕맛집으로 전통느낌에서 벗어 나 홀과 Room 연회장을 모던하고 세련되...
617,영빈루레드 서대문점,수제딤섬,서대문역3번 출구에서28m,영업 종료내일 휴무내일 휴무,단체 이용 가능 주차 포장 예약 무선 인터넷 남/녀 화장실 구분,영빈루는 1945년부터 78년동안 3대째 전해내려 오는 전국 5대짬뽕맛집으로 전통느낌에서 벗어 나 홀과 Room 연회장을 모던하고 세련되...
618,영빈루레드 서대문점,1945수제군만두(4p),서대문역3번 출구에서28m,영업 종료내일 휴무내일 휴무,단체 이용 가능 주차 포장 예약 무선 인터넷 남/녀 화장실 구분,영빈루는 1945년부터 78년동안 3대째 전해내려 오는 전국 5대짬뽕맛집으로 전통느낌에서 벗어 나 홀과 Room 연회장을 모던하고 세련되...
619,영빈루레드 서대문점,모듬딤섬,서대문역3번 출구에서28m,영업 종료내일 휴무내일 휴무,단체 이용 가능 주차 포장 예약 무선 인터넷 남/녀 화장실 구분,영빈루는 1945년부터 78년동안 3대째 전해내려 오는 전국 5대짬뽕맛집으로 전통느낌에서 벗어 나 홀과 Room 연회장을 모던하고 세련되...
620,영빈루레드 서대문점,1945영빈짬뽕,서대문역3번 출구에서28m,영업 종료내일 휴무내일 휴무,단체 이용 가능 주차 포장 예약 무선 인터넷 남/녀 화장실 구분,영빈루는 1945년부터 78년동안 3대째 전해내려 오는 전국 5대짬뽕맛집으로 전통느낌에서 벗어 나 홀과 Room 연회장을 모던하고 세련되...
621,영빈루레드 서대문점,전복해물간짜장,서대문역3번 출구에서28m,영업 종료내일 휴무내일 휴무,단체 이용 가능 주차 포장 예약 무선 인터넷 남/녀 화장실 구분,영빈루는 1945년부터 78년동안 3대째 전해내려 오는 전국 5대짬뽕맛집으로 전통느낌에서 벗어 나 홀과 Room 연회장을 모던하고 세련되...
622,영빈루레드 서대문점,1945 마약탕수육,서대문역3번 출구에서28m,영업 종료내일 휴무내일 휴무,단체 이용 가능 주차 포장 예약 무선 인터넷 남/녀 화장실 구분,영빈루는 1945년부터 78년동안 3대째 전해내려 오는 전국 5대짬뽕맛집으로 전통느낌에서 벗어 나 홀과 Room 연회장을 모던하고 세련되...
623,영빈루레드 서대문점,깐풍꽃게,서대문역3번 출구에서28m,영업 종료내일 휴무내일 휴무,단체 이용 가능 주차 포장 예약 무선 인터넷 남/녀 화장실 구분,영빈루는 1945년부터 78년동안 3대째 전해내려 오는 전국 5대짬뽕맛집으로 전통느낌에서 벗어 나 홀과 Room 연회장을 모던하고 세련되...
624,영빈루레드 서대문점,하교튀김(3p),서대문역3번 출구에서28m,영업 종료내일 휴무내일 휴무,단체 이용 가능 주차 포장 예약 무선 인터넷 남/녀 화장실 구분,영빈루는 1945년부터 78년동안 3대째 전해내려 오는 전국 5대짬뽕맛집으로 전통느낌에서 벗어 나 홀과 Room 연회장을 모던하고 세련되...
625,영빈루레드 서대문점,전복 해물 짬뽕,서대문역3번 출구에서28m,영업 종료내일 휴무내일 휴무,단체 이용 가능 주차 포장 예약 무선 인터넷 남/녀 화장실 구분,영빈루는 1945년부터 78년동안 3대째 전해내려 오는 전국 5대짬뽕맛집으로 전통느낌에서 벗어 나 홀과 Room 연회장을 모던하고 세련되...
626,영빈루레드 서대문점,전복 해물 백짬뽕,서대문역3번 출구에서28m,영업 종료내일 휴무내일 휴무,단체 이용 가능 주차 포장 예약 무선 인터넷 남/녀 화장실 구분,영빈루는 1945년부터 78년동안 3대째 전해내려 오는 전국 5대짬뽕맛집으로 전통느낌에서 벗어 나 홀과 Room 연회장을 모던하고 세련되...
627,영빈루레드 서대문점,소고기유니짜장,서대문역3번 출구에서28m,영업 종료내일 휴무내일 휴무,단체 이용 가능 주차 포장 예약 무선 인터넷 남/녀 화장실 구분,영빈루는 1945년부터 78년동안 3대째 전해내려 오는 전국 5대짬뽕맛집으로 전통느낌에서 벗어 나 홀과 Room 연회장을 모던하고 세련되...
628,영빈루레드 서대문점,새우게살볶음밥,서대문역3번 출구에서28m,영업 종료내일 휴무내일 휴무,단체 이용 가능 주차 포장 예약 무선 인터넷 남/녀 화장실 구분,영빈루는 1945년부터 78년동안 3대째 전해내려 오는 전국 5대짬뽕맛집으로 전통느낌에서 벗어 나 홀과 Room 연회장을 모던하고 세련되...
629,영빈루레드 서대문점,류산슬덮밥,서대문역3번 출구에서28m,영업 종료내일 휴무내일 휴무,단체 이용 가능 주차 포장 예약 무선 인터넷 남/녀 화장실 구분,영빈루는 1945년부터 78년동안 3대째 전해내려 오는 전국 5대짬뽕맛집으로 전통느낌에서 벗어 나 홀과 Room 연회장을 모던하고 세련되...
630,영빈루레드 서대문점,오늘의 디저트,서대문역3번 출구에서28m,영업 종료내일 휴무내일 휴무,단체 이용 가능 주차 포장 예약 무선 인터넷 남/녀 화장실 구분,영빈루는 1945년부터 78년동안 3대째 전해내려 오는 전국 5대짬뽕맛집으로 전통느낌에서 벗어 나 홀과 Room 연회장을 모던하고 세련되...
631,copper coffee,아메리카노,혜화역4번 출구에서560m,오늘 휴무매주 토요일 휴무매주 토요일 휴무,,커피감별사라는 뜻을 가진 커퍼를 상호로 사용하는 만큼 커피의 맛이 좋다. 여러 종류의 핸드드립 커피를 비교적 저렴한 가격으로 즐길 수 있다.
632,copper coffee,카페라떼,혜화역4번 출구에서560m,오늘 휴무매주 토요일 휴무매주 토요일 휴무,,커피감별사라는 뜻을 가진 커퍼를 상호로 사용하는 만큼 커피의 맛이 좋다. 여러 종류의 핸드드립 커피를 비교적 저렴한 가격으로 즐길 수 있다.
633,copper coffee,바닐라라떼,혜화역4번 출구에서560m,오늘 휴무매주 토요일 휴무매주 토요일 휴무,,커피감별사라는 뜻을 가진 커퍼를 상호로 사용하는 만큼 커피의 맛이 좋다. 여러 종류의 핸드드립 커피를 비교적 저렴한 가격으로 즐길 수 있다.
634,copper coffee,카라멜마끼아또,혜화역4번 출구에서560m,오늘 휴무매주 토요일 휴무매주 토요일 휴무,,커피감별사라는 뜻을 가진 커퍼를 상호로 사용하는 만큼 커피의 맛이 좋다. 여러 종류의 핸드드립 커피를 비교적 저렴한 가격으로 즐길 수 있다.
635,copper coffee,핫초코,혜화역4번 출구에서560m,오늘 휴무매주 토요일 휴무매주 토요일 휴무,,커피감별사라는 뜻을 가진 커퍼를 상호로 사용하는 만큼 커피의 맛이 좋다. 여러 종류의 핸드드립 커피를 비교적 저렴한 가격으로 즐길 수 있다.
